episode,junction,action,greedy_count,random_count
0,J0_central,0,0,139
0,J0_central,1,0,142
0,J0_central,2,0,119
0,JN_north,0,0,132
0,JN_north,1,0,122
0,JN_north,2,0,146
0,JS_south,0,0,125
0,JS_south,1,0,134
0,JS_south,2,0,141
0,JW_west,0,0,138
0,JW_west,1,0,141
0,JW_west,2,0,121
0,JE_east,0,0,138
0,JE_east,1,0,135
0,JE_east,2,0,127
1,J0_central,0,0,124
1,J0_central,1,2,138
1,J0_central,2,7,129
1,JN_north,0,6,123
1,JN_north,1,10,126
1,JN_north,2,1,134
1,JS_south,0,7,115
1,JS_south,1,7,137
1,JS_south,2,2,132
1,JW_west,0,7,128
1,JW_west,1,5,118
1,JW_west,2,2,140
1,JE_east,0,2,118
1,JE_east,1,1,143
1,JE_east,2,4,132
2,J0_central,0,2,117
2,J0_central,1,14,123
2,J0_central,2,6,138
2,JN_north,0,8,134
2,JN_north,1,5,111
2,JN_north,2,3,139
2,JS_south,0,2,127
2,JS_south,1,10,132
2,JS_south,2,9,120
2,JW_west,0,10,131
2,JW_west,1,5,125
2,JW_west,2,9,120
2,JE_east,0,3,122
2,JE_east,1,8,124
2,JE_east,2,11,132
3,J0_central,0,1,107
3,J0_central,1,16,136
3,J0_central,2,14,126
3,JN_north,0,13,117
3,JN_north,1,11,119
3,JN_north,2,12,128
3,JS_south,0,3,121
3,JS_south,1,26,116
3,JS_south,2,9,125
3,JW_west,0,12,122
3,JW_west,1,13,138
3,JW_west,2,3,112
3,JE_east,0,2,121
3,JE_east,1,16,109
3,JE_east,2,29,123
4,J0_central,0,8,108
4,J0_central,1,13,120
4,J0_central,2,23,128
4,JN_north,0,23,135
4,JN_north,1,5,109
4,JN_north,2,17,111
4,JS_south,0,11,115
4,JS_south,1,21,127
4,JS_south,2,15,111
4,JW_west,0,22,117
4,JW_west,1,24,102
4,JW_west,2,8,127
4,JE_east,0,4,123
4,JE_east,1,17,120
4,JE_east,2,22,114
5,J0_central,0,6,123
5,J0_central,1,33,121
5,J0_central,2,18,99
5,JN_north,0,17,129
5,JN_north,1,10,112
5,JN_north,2,16,116
5,JS_south,0,14,106
5,JS_south,1,15,127
5,JS_south,2,22,116
5,JW_west,0,49,109
5,JW_west,1,5,126
5,JW_west,2,2,109
5,JE_east,0,11,106
5,JE_east,1,18,133
5,JE_east,2,20,112
6,J0_central,0,19,116
6,J0_central,1,26,110
6,J0_central,2,29,100
6,JN_north,0,16,108
6,JN_north,1,3,111
6,JN_north,2,39,123
6,JS_south,0,9,104
6,JS_south,1,42,111
6,JS_south,2,26,108
6,JW_west,0,26,125
6,JW_west,1,31,105
6,JW_west,2,9,104
6,JE_east,0,14,107
6,JE_east,1,16,123
6,JE_east,2,38,102
7,J0_central,0,15,116
7,J0_central,1,29,111
7,J0_central,2,19,110
7,JN_north,0,37,96
7,JN_north,1,19,123
7,JN_north,2,22,103
7,JS_south,0,27,131
7,JS_south,1,40,90
7,JS_south,2,17,95
7,JW_west,0,34,110
7,JW_west,1,19,102
7,JW_west,2,39,96
7,JE_east,0,30,92
7,JE_east,1,59,111
7,JE_east,2,10,98
8,J0_central,0,26,99
8,J0_central,1,26,114
8,J0_central,2,30,105
8,JN_north,0,27,99
8,JN_north,1,18,102
8,JN_north,2,41,113
8,JS_south,0,27,112
8,JS_south,1,35,91
8,JS_south,2,36,99
8,JW_west,0,27,103
8,JW_west,1,27,121
8,JW_west,2,20,102
8,JE_east,0,17,93
8,JE_east,1,47,107
8,JE_east,2,35,101
9,J0_central,0,29,95
9,J0_central,1,37,105
9,J0_central,2,26,108
9,JN_north,0,48,110
9,JN_north,1,9,102
9,JN_north,2,43,88
9,JS_south,0,18,94
9,JS_south,1,47,97
9,JS_south,2,47,97
9,JW_west,0,68,95
9,JW_west,1,29,108
9,JW_west,2,4,96
9,JE_east,0,33,110
9,JE_east,1,19,98
9,JE_east,2,47,93
10,J0_central,0,17,103
10,J0_central,1,46,81
10,J0_central,2,49,104
10,JN_north,0,30,114
10,JN_north,1,6,96
10,JN_north,2,63,91
10,JS_south,0,29,97
10,JS_south,1,48,100
10,JS_south,2,34,92
10,JW_west,0,44,102
10,JW_west,1,55,92
10,JW_west,2,19,88
10,JE_east,0,38,91
10,JE_east,1,39,101
10,JE_east,2,32,99
11,J0_central,0,16,90
11,J0_central,1,36,106
11,J0_central,2,48,104
11,JN_north,0,39,98
11,JN_north,1,15,100
11,JN_north,2,48,100
11,JS_south,0,41,95
11,JS_south,1,30,95
11,JS_south,2,34,105
11,JW_west,0,86,88
11,JW_west,1,5,105
11,JW_west,2,23,93
11,JE_east,0,65,108
11,JE_east,1,25,98
11,JE_east,2,35,69
12,J0_central,0,35,104
12,J0_central,1,27,110
12,J0_central,2,49,75
12,JN_north,0,60,87
12,JN_north,1,28,106
12,JN_north,2,33,86
12,JS_south,0,41,86
12,JS_south,1,62,94
12,JS_south,2,33,84
12,JW_west,0,74,91
12,JW_west,1,32,93
12,JW_west,2,23,87
12,JE_east,0,39,103
12,JE_east,1,33,82
12,JE_east,2,42,101
13,J0_central,0,37,86
13,J0_central,1,39,86
13,J0_central,2,52,100
13,JN_north,0,48,81
13,JN_north,1,29,73
13,JN_north,2,67,102
13,JS_south,0,45,106
13,JS_south,1,61,87
13,JS_south,2,16,85
13,JW_west,0,86,95
13,JW_west,1,27,86
13,JW_west,2,19,87
13,JE_east,0,55,95
13,JE_east,1,28,85
13,JE_east,2,45,92
14,J0_central,0,23,87
14,J0_central,1,57,86
14,J0_central,2,60,87
14,JN_north,0,42,84
14,JN_north,1,33,96
14,JN_north,2,56,89
14,JS_south,0,81,80
14,JS_south,1,38,90
14,JS_south,2,21,90
14,JW_west,0,52,85
14,JW_west,1,19,81
14,JW_west,2,64,99
14,JE_east,0,42,75
14,JE_east,1,47,90
14,JE_east,2,40,106
15,J0_central,0,40,90
15,J0_central,1,51,78
15,J0_central,2,48,93
15,JN_north,0,50,87
15,JN_north,1,21,86
15,JN_north,2,74,82
15,JS_south,0,69,76
15,JS_south,1,68,98
15,JS_south,2,16,73
15,JW_west,0,30,93
15,JW_west,1,50,86
15,JW_west,2,61,80
15,JE_east,0,62,75
15,JE_east,1,41,98
15,JE_east,2,65,59
16,J0_central,0,63,81
16,J0_central,1,38,83
16,J0_central,2,52,83
16,JN_north,0,71,76
16,JN_north,1,35,80
16,JN_north,2,56,82
16,JS_south,0,39,82
16,JS_south,1,92,80
16,JS_south,2,27,80
16,JW_west,0,48,74
16,JW_west,1,42,90
16,JW_west,2,71,75
16,JE_east,0,55,66
16,JE_east,1,43,86
16,JE_east,2,61,89
17,J0_central,0,26,75
17,J0_central,1,49,64
17,J0_central,2,96,90
17,JN_north,0,67,84
17,JN_north,1,46,84
17,JN_north,2,40,79
17,JS_south,0,54,78
17,JS_south,1,39,85
17,JS_south,2,56,88
17,JW_west,0,50,70
17,JW_west,1,39,85
17,JW_west,2,68,88
17,JE_east,0,102,72
17,JE_east,1,28,70
17,JE_east,2,50,78
18,J0_central,0,75,82
18,J0_central,1,63,79
18,J0_central,2,37,64
18,JN_north,0,41,90
18,JN_north,1,74,73
18,JN_north,2,41,81
18,JS_south,0,73,64
18,JS_south,1,68,72
18,JS_south,2,34,89
18,JW_west,0,55,70
18,JW_west,1,14,96
18,JW_west,2,86,79
18,JE_east,0,80,75
18,JE_east,1,52,75
18,JE_east,2,38,80
19,J0_central,0,47,83
19,J0_central,1,52,73
19,J0_central,2,73,72
19,JN_north,0,84,72
19,JN_north,1,34,84
19,JN_north,2,54,72
19,JS_south,0,64,63
19,JS_south,1,89,67
19,JS_south,2,51,66
19,JW_west,0,84,82
19,JW_west,1,5,84
19,JW_west,2,78,67
19,JE_east,0,61,79
19,JE_east,1,45,81
19,JE_east,2,67,67
20,J0_central,0,77,61
20,J0_central,1,70,77
20,J0_central,2,41,74
20,JN_north,0,56,74
20,JN_north,1,68,70
20,JN_north,2,61,71
20,JS_south,0,53,72
20,JS_south,1,94,82
20,JS_south,2,24,75
20,JW_west,0,57,84
20,JW_west,1,58,69
20,JW_west,2,62,70
20,JE_east,0,91,64
20,JE_east,1,69,80
20,JE_east,2,26,70
21,J0_central,0,50,78
21,J0_central,1,79,69
21,J0_central,2,48,76
21,JN_north,0,87,64
21,JN_north,1,59,81
21,JN_north,2,49,60
21,JS_south,0,54,71
21,JS_south,1,96,83
21,JS_south,2,33,63
21,JW_west,0,80,78
21,JW_west,1,34,63
21,JW_west,2,76,69
21,JE_east,0,104,76
21,JE_east,1,34,56
21,JE_east,2,57,73
22,J0_central,0,54,58
22,J0_central,1,87,61
22,J0_central,2,72,68
22,JN_north,0,44,66
22,JN_north,1,85,68
22,JN_north,2,67,70
22,JS_south,0,48,73
22,JS_south,1,83,62
22,JS_south,2,63,71
22,JW_west,0,41,68
22,JW_west,1,63,68
22,JW_west,2,91,69
22,JE_east,0,106,68
22,JE_east,1,42,71
22,JE_east,2,39,74
23,J0_central,0,45,71
23,J0_central,1,112,66
23,J0_central,2,45,61
23,JN_north,0,71,72
23,JN_north,1,66,71
23,JN_north,2,65,55
23,JS_south,0,126,66
23,JS_south,1,65,62
23,JS_south,2,29,52
23,JW_west,0,32,73
23,JW_west,1,25,53
23,JW_west,2,142,75
23,JE_east,0,91,74
23,JE_east,1,36,56
23,JE_east,2,78,65
24,J0_central,0,51,69
24,J0_central,1,68,57
24,J0_central,2,89,66
24,JN_north,0,103,50
24,JN_north,1,50,59
24,JN_north,2,79,59
24,JS_south,0,90,56
24,JS_south,1,64,68
24,JS_south,2,63,59
24,JW_west,0,83,70
24,JW_west,1,30,69
24,JW_west,2,78,70
24,JE_east,0,110,61
24,JE_east,1,59,61
24,JE_east,2,41,68
25,J0_central,0,73,64
25,J0_central,1,77,55
25,J0_central,2,69,62
25,JN_north,0,72,61
25,JN_north,1,27,57
25,JN_north,2,112,71
25,JS_south,0,70,68
25,JS_south,1,95,69
25,JS_south,2,45,53
25,JW_west,0,58,69
25,JW_west,1,57,54
25,JW_west,2,89,73
25,JE_east,0,106,44
25,JE_east,1,85,69
25,JE_east,2,42,54
26,J0_central,0,53,49
26,J0_central,1,88,62
26,J0_central,2,95,53
26,JN_north,0,44,59
26,JN_north,1,81,61
26,JN_north,2,99,56
26,JS_south,0,123,44
26,JS_south,1,60,66
26,JS_south,2,47,60
26,JW_west,0,80,66
26,JW_west,1,29,63
26,JW_west,2,103,59
26,JE_east,0,96,59
26,JE_east,1,26,56
26,JE_east,2,99,64
27,J0_central,0,37,54
27,J0_central,1,128,46
27,J0_central,2,61,74
27,JN_north,0,55,58
27,JN_north,1,141,57
27,JN_north,2,40,49
27,JS_south,0,79,69
27,JS_south,1,107,54
27,JS_south,2,30,61
27,JW_west,0,58,63
27,JW_west,1,33,53
27,JW_west,2,140,53
27,JE_east,0,172,60
27,JE_east,1,16,66
27,JE_east,2,44,42
28,J0_central,0,97,65
28,J0_central,1,90,67
28,J0_central,2,37,44
28,JN_north,0,92,55
28,JN_north,1,40,54
28,JN_north,2,100,59
28,JS_south,0,91,61
28,JS_south,1,91,63
28,JS_south,2,47,47
28,JW_west,0,87,60
28,JW_west,1,55,58
28,JW_west,2,81,59
28,JE_east,0,105,61
28,JE_east,1,67,61
28,JE_east,2,53,53
29,J0_central,0,48,46
29,J0_central,1,92,56
29,J0_central,2,95,63
29,JN_north,0,57,58
29,JN_north,1,76,52
29,JN_north,2,88,69
29,JS_south,0,85,46
29,JS_south,1,71,52
29,JS_south,2,78,68
29,JW_west,0,86,60
29,JW_west,1,43,66
29,JW_west,2,83,62
29,JE_east,0,113,52
29,JE_east,1,63,59
29,JE_east,2,71,42
30,J0_central,0,58,61
30,J0_central,1,86,53
30,J0_central,2,87,55
30,JN_north,0,71,58
30,JN_north,1,101,61
30,JN_north,2,49,60
30,JS_south,0,111,55
30,JS_south,1,107,48
30,JS_south,2,26,53
30,JW_west,0,86,64
30,JW_west,1,74,57
30,JW_west,2,75,44
30,JE_east,0,126,46
30,JE_east,1,55,58
30,JE_east,2,64,51
31,J0_central,0,65,43
31,J0_central,1,104,50
31,J0_central,2,74,64
31,JN_north,0,41,49
31,JN_north,1,93,47
31,JN_north,2,117,53
31,JS_south,0,96,45
31,JS_south,1,94,56
31,JS_south,2,58,51
31,JW_west,0,108,56
31,JW_west,1,75,44
31,JW_west,2,69,48
31,JE_east,0,154,65
31,JE_east,1,46,49
31,JE_east,2,38,48
32,J0_central,0,96,48
32,J0_central,1,100,52
32,J0_central,2,61,43
32,JN_north,0,44,49
32,JN_north,1,73,51
32,JN_north,2,128,55
32,JS_south,0,70,51
32,JS_south,1,125,47
32,JS_south,2,53,54
32,JW_west,0,107,47
32,JW_west,1,86,38
32,JW_west,2,71,51
32,JE_east,0,127,43
32,JE_east,1,70,57
32,JE_east,2,46,57
33,J0_central,0,104,59
33,J0_central,1,85,49
33,J0_central,2,58,45
33,JN_north,0,109,54
33,JN_north,1,102,50
33,JN_north,2,47,38
33,JS_south,0,64,52
33,JS_south,1,116,51
33,JS_south,2,69,48
33,JW_west,0,122,47
33,JW_west,1,72,42
33,JW_west,2,70,47
33,JE_east,0,143,54
33,JE_east,1,52,34
33,JE_east,2,72,45
34,J0_central,0,89,38
34,J0_central,1,112,53
34,J0_central,2,58,50
34,JN_north,0,69,56
34,JN_north,1,59,74
34,JN_north,2,84,58
34,JS_south,0,34,33
34,JS_south,1,165,49
34,JS_south,2,75,44
34,JW_west,0,95,42
34,JW_west,1,62,62
34,JW_west,2,95,44
34,JE_east,0,117,45
34,JE_east,1,94,48
34,JE_east,2,56,40
35,J0_central,0,104,45
35,J0_central,1,118,48
35,J0_central,2,44,41
35,JN_north,0,64,39
35,JN_north,1,72,56
35,JN_north,2,117,52
35,JS_south,0,69,50
35,JS_south,1,118,39
35,JS_south,2,81,43
35,JW_west,0,77,45
35,JW_west,1,110,43
35,JW_west,2,83,42
35,JE_east,0,133,35
35,JE_east,1,113,37
35,JE_east,2,30,52
36,J0_central,0,91,64
36,J0_central,1,85,50
36,J0_central,2,74,36
36,JN_north,0,127,36
36,JN_north,1,79,46
36,JN_north,2,81,31
36,JS_south,0,97,43
36,JS_south,1,112,53
36,JS_south,2,51,44
36,JW_west,0,111,47
36,JW_west,1,89,48
36,JW_west,2,59,46
36,JE_east,0,143,35
36,JE_east,1,62,45
36,JE_east,2,62,53
37,J0_central,0,97,36
37,J0_central,1,64,37
37,J0_central,2,113,53
37,JN_north,0,98,41
37,JN_north,1,88,53
37,JN_north,2,86,34
37,JS_south,0,100,41
37,JS_south,1,117,51
37,JS_south,2,47,44
37,JW_west,0,165,48
37,JW_west,1,75,45
37,JW_west,2,20,47
37,JE_east,0,106,43
37,JE_east,1,104,50
37,JE_east,2,55,42
38,J0_central,0,122,48
38,J0_central,1,93,34
38,J0_central,2,46,57
38,JN_north,0,168,42
38,JN_north,1,9,43
38,JN_north,2,97,41
38,JS_south,0,125,54
38,JS_south,1,94,40
38,JS_south,2,45,42
38,JW_west,0,111,60
38,JW_west,1,92,43
38,JW_west,2,52,42
38,JE_east,0,115,42
38,JE_east,1,100,42
38,JE_east,2,50,51
39,J0_central,0,85,50
39,J0_central,1,114,38
39,J0_central,2,73,40
39,JN_north,0,93,40
39,JN_north,1,71,39
39,JN_north,2,109,48
39,JS_south,0,79,46
39,JS_south,1,126,32
39,JS_south,2,71,46
39,JW_west,0,168,38
39,JW_west,1,58,47
39,JW_west,2,51,38
39,JE_east,0,165,33
39,JE_east,1,80,53
39,JE_east,2,23,46
40,J0_central,0,91,34
40,J0_central,1,143,36
40,J0_central,2,53,43
40,JN_north,0,128,47
40,JN_north,1,28,38
40,JN_north,2,121,38
40,JS_south,0,91,42
40,JS_south,1,120,36
40,JS_south,2,74,37
40,JW_west,0,117,40
40,JW_west,1,128,48
40,JW_west,2,24,43
40,JE_east,0,126,36
40,JE_east,1,120,41
40,JE_east,2,37,40
41,J0_central,0,83,30
41,J0_central,1,116,41
41,J0_central,2,95,35
41,JN_north,0,117,41
41,JN_north,1,78,36
41,JN_north,2,95,33
41,JS_south,0,86,38
41,JS_south,1,149,34
41,JS_south,2,50,43
41,JW_west,0,156,30
41,JW_west,1,91,48
41,JW_west,2,38,37
41,JE_east,0,157,39
41,JE_east,1,80,40
41,JE_east,2,52,32
42,J0_central,0,62,32
42,J0_central,1,97,40
42,J0_central,2,136,33
42,JN_north,0,93,50
42,JN_north,1,36,34
42,JN_north,2,147,40
42,JS_south,0,113,39
42,JS_south,1,118,30
42,JS_south,2,70,30
42,JW_west,0,126,36
42,JW_west,1,102,41
42,JW_west,2,49,46
42,JE_east,0,125,38
42,JE_east,1,95,35
42,JE_east,2,60,47
43,J0_central,0,94,38
43,J0_central,1,126,24
43,J0_central,2,81,37
43,JN_north,0,120,42
43,JN_north,1,65,41
43,JN_north,2,91,41
43,JS_south,0,111,40
43,JS_south,1,129,40
43,JS_south,2,42,38
43,JW_west,0,105,35
43,JW_west,1,128,33
43,JW_west,2,61,38
43,JE_east,0,130,35
43,JE_east,1,98,37
43,JE_east,2,69,31
44,J0_central,0,120,32
44,J0_central,1,84,33
44,J0_central,2,101,30
44,JN_north,0,185,34
44,JN_north,1,14,28
44,JN_north,2,100,39
44,JS_south,0,84,25
44,JS_south,1,170,33
44,JS_south,2,49,39
44,JW_west,0,107,35
44,JW_west,1,127,37
44,JW_west,2,57,37
44,JE_east,0,145,35
44,JE_east,1,67,32
44,JE_east,2,88,33
45,J0_central,0,157,37
45,J0_central,1,36,34
45,J0_central,2,101,35
45,JN_north,0,66,38
45,JN_north,1,140,35
45,JN_north,2,84,37
45,JS_south,0,93,38
45,JS_south,1,188,32
45,JS_south,2,17,32
45,JW_west,0,125,32
45,JW_west,1,110,38
45,JW_west,2,61,34
45,JE_east,0,114,27
45,JE_east,1,121,36
45,JE_east,2,64,38
46,J0_central,0,113,26
46,J0_central,1,95,29
46,J0_central,2,96,41
46,JN_north,0,159,23
46,JN_north,1,65,31
46,JN_north,2,83,39
46,JS_south,0,66,25
46,JS_south,1,177,33
46,JS_south,2,73,26
46,JW_west,0,152,27
46,JW_west,1,115,30
46,JW_west,2,40,36
46,JE_east,0,174,39
46,JE_east,1,84,25
46,JE_east,2,45,33
47,J0_central,0,100,29
47,J0_central,1,99,38
47,J0_central,2,96,38
47,JN_north,0,135,26
47,JN_north,1,79,31
47,JN_north,2,94,35
47,JS_south,0,107,31
47,JS_south,1,135,37
47,JS_south,2,62,28
47,JW_west,0,158,31
47,JW_west,1,87,32
47,JW_west,2,51,41
47,JE_east,0,163,27
47,JE_east,1,110,37
47,JE_east,2,34,29
48,J0_central,0,119,33
48,J0_central,1,122,34
48,J0_central,2,70,22
48,JN_north,0,91,37
48,JN_north,1,46,26
48,JN_north,2,178,22
48,JS_south,0,61,29
48,JS_south,1,169,25
48,JS_south,2,88,28
48,JW_west,0,81,31
48,JW_west,1,160,29
48,JW_west,2,75,24
48,JE_east,0,129,33
48,JE_east,1,101,29
48,JE_east,2,70,38
49,J0_central,0,152,25
49,J0_central,1,68,35
49,J0_central,2,96,24
49,JN_north,0,153,28
49,JN_north,1,34,28
49,JN_north,2,125,32
49,JS_south,0,130,28
49,JS_south,1,109,28
49,JS_south,2,72,33
49,JW_west,0,159,19
49,JW_west,1,116,31
49,JW_west,2,43,32
49,JE_east,0,117,30
49,JE_east,1,118,25
49,JE_east,2,76,34
50,J0_central,0,105,32
50,J0_central,1,123,30
50,J0_central,2,74,36
50,JN_north,0,110,27
50,JN_north,1,65,32
50,JN_north,2,126,40
50,JS_south,0,87,28
50,JS_south,1,139,21
50,JS_south,2,100,25
50,JW_west,0,88,24
50,JW_west,1,145,36
50,JW_west,2,81,26
50,JE_east,0,133,24
50,JE_east,1,151,27
50,JE_east,2,43,22
51,J0_central,0,130,23
51,J0_central,1,74,35
51,J0_central,2,102,36
51,JN_north,0,117,25
51,JN_north,1,30,34
51,JN_north,2,168,26
51,JS_south,0,90,25
51,JS_south,1,166,26
51,JS_south,2,58,35
51,JW_west,0,142,25
51,JW_west,1,105,30
51,JW_west,2,76,22
51,JE_east,0,86,25
51,JE_east,1,210,30
51,JE_east,2,24,25
52,J0_central,0,93,19
52,J0_central,1,134,28
52,J0_central,2,100,26
52,JN_north,0,163,34
52,JN_north,1,57,28
52,JN_north,2,91,27
52,JS_south,0,128,24
52,JS_south,1,134,26
52,JS_south,2,70,18
52,JW_west,0,57,32
52,JW_west,1,158,24
52,JW_west,2,99,30
52,JE_east,0,177,24
52,JE_east,1,109,27
52,JE_east,2,32,31
53,J0_central,0,161,30
53,J0_central,1,107,21
53,J0_central,2,57,24
53,JN_north,0,112,29
53,JN_north,1,5,22
53,JN_north,2,198,34
53,JS_south,0,54,27
53,JS_south,1,177,26
53,JS_south,2,88,28
53,JW_west,0,112,19
53,JW_west,1,175,23
53,JW_west,2,48,23
53,JE_east,0,109,27
53,JE_east,1,155,22
53,JE_east,2,56,31
54,J0_central,0,140,24
54,J0_central,1,94,21
54,J0_central,2,96,25
54,JN_north,0,53,23
54,JN_north,1,44,25
54,JN_north,2,231,24
54,JS_south,0,41,22
54,JS_south,1,210,15
54,JS_south,2,84,28
54,JW_west,0,138,25
54,JW_west,1,100,39
54,JW_west,2,79,19
54,JE_east,0,124,26
54,JE_east,1,138,36
54,JE_east,2,50,26
55,J0_central,0,120,23
55,J0_central,1,122,20
55,J0_central,2,93,22
55,JN_north,0,148,26
55,JN_north,1,45,29
55,JN_north,2,131,21
55,JS_south,0,61,30
55,JS_south,1,186,33
55,JS_south,2,64,26
55,JW_west,0,57,26
55,JW_west,1,153,34
55,JW_west,2,101,29
55,JE_east,0,166,30
55,JE_east,1,102,31
55,JE_east,2,40,31
56,J0_central,0,84,23
56,J0_central,1,86,22
56,J0_central,2,158,27
56,JN_north,0,121,29
56,JN_north,1,55,24
56,JN_north,2,148,23
56,JS_south,0,107,16
56,JS_south,1,179,29
56,JS_south,2,42,27
56,JW_west,0,136,31
56,JW_west,1,90,20
56,JW_west,2,107,16
56,JE_east,0,147,23
56,JE_east,1,138,31
56,JE_east,2,36,25
57,J0_central,0,151,16
57,J0_central,1,135,19
57,J0_central,2,52,27
57,JN_north,0,122,21
57,JN_north,1,131,17
57,JN_north,2,88,21
57,JS_south,0,86,24
57,JS_south,1,235,24
57,JS_south,2,8,23
57,JW_west,0,98,24
57,JW_west,1,126,21
57,JW_west,2,106,25
57,JE_east,0,182,18
57,JE_east,1,93,27
57,JE_east,2,56,24
58,J0_central,0,162,30
58,J0_central,1,113,23
58,J0_central,2,48,24
58,JN_north,0,58,20
58,JN_north,1,52,25
58,JN_north,2,223,22
58,JS_south,0,145,19
58,JS_south,1,150,16
58,JS_south,2,48,22
58,JW_west,0,120,18
58,JW_west,1,129,21
58,JW_west,2,88,24
58,JE_east,0,144,21
58,JE_east,1,134,18
58,JE_east,2,56,27
59,J0_central,0,115,18
59,J0_central,1,149,26
59,J0_central,2,67,25
59,JN_north,0,183,24
59,JN_north,1,23,17
59,JN_north,2,135,18
59,JS_south,0,81,22
59,JS_south,1,159,22
59,JS_south,2,83,33
59,JW_west,0,96,27
59,JW_west,1,145,20
59,JW_west,2,88,24
59,JE_east,0,115,25
59,JE_east,1,131,20
59,JE_east,2,90,19
60,J0_central,0,201,21
60,J0_central,1,73,20
60,J0_central,2,62,23
60,JN_north,0,104,18
60,JN_north,1,63,29
60,JN_north,2,172,14
60,JS_south,0,121,15
60,JS_south,1,149,22
60,JS_south,2,69,24
60,JW_west,0,129,20
60,JW_west,1,126,19
60,JW_west,2,84,22
60,JE_east,0,102,19
60,JE_east,1,160,22
60,JE_east,2,73,24
61,J0_central,0,87,23
61,J0_central,1,139,20
61,J0_central,2,105,26
61,JN_north,0,87,21
61,JN_north,1,113,28
61,JN_north,2,133,18
61,JS_south,0,70,26
61,JS_south,1,176,29
61,JS_south,2,80,19
61,JW_west,0,185,16
61,JW_west,1,69,28
61,JW_west,2,83,19
61,JE_east,0,130,10
61,JE_east,1,176,24
61,JE_east,2,35,25
62,J0_central,0,102,19
62,J0_central,1,116,21
62,J0_central,2,124,18
62,JN_north,0,144,24
62,JN_north,1,95,22
62,JN_north,2,100,15
62,JS_south,0,110,13
62,JS_south,1,173,22
62,JS_south,2,70,12
62,JW_west,0,83,14
62,JW_west,1,184,22
62,JW_west,2,65,32
62,JE_east,0,118,20
62,JE_east,1,179,22
62,JE_east,2,39,22
63,J0_central,0,92,18
63,J0_central,1,194,21
63,J0_central,2,54,21
63,JN_north,0,219,16
63,JN_north,1,23,17
63,JN_north,2,111,14
63,JS_south,0,151,19
63,JS_south,1,115,22
63,JS_south,2,76,17
63,JW_west,0,175,18
63,JW_west,1,65,19
63,JW_west,2,108,15
63,JE_east,0,187,16
63,JE_east,1,122,16
63,JE_east,2,37,22
64,J0_central,0,66,23
64,J0_central,1,112,23
64,J0_central,2,159,17
64,JN_north,0,136,18
64,JN_north,1,166,18
64,JN_north,2,45,17
64,JS_south,0,104,12
64,JS_south,1,161,16
64,JS_south,2,88,19
64,JW_west,0,114,23
64,JW_west,1,154,28
64,JW_west,2,72,9
64,JE_east,0,90,25
64,JE_east,1,184,16
64,JE_east,2,67,18
65,J0_central,0,141,29
65,J0_central,1,144,18
65,J0_central,2,46,22
65,JN_north,0,58,20
65,JN_north,1,183,25
65,JN_north,2,93,21
65,JS_south,0,86,18
65,JS_south,1,162,14
65,JS_south,2,92,28
65,JW_west,0,149,23
65,JW_west,1,97,19
65,JW_west,2,92,20
65,JE_east,0,131,21
65,JE_east,1,110,17
65,JE_east,2,101,20
66,J0_central,0,64,26
66,J0_central,1,161,13
66,J0_central,2,117,19
66,JN_north,0,156,24
66,JN_north,1,71,19
66,JN_north,2,109,21
66,JS_south,0,125,21
66,JS_south,1,146,20
66,JS_south,2,68,20
66,JW_west,0,119,20
66,JW_west,1,133,28
66,JW_west,2,80,20
66,JE_east,0,180,18
66,JE_east,1,78,24
66,JE_east,2,82,18
67,J0_central,0,107,18
67,J0_central,1,165,16
67,J0_central,2,67,27
67,JN_north,0,95,21
67,JN_north,1,50,17
67,JN_north,2,199,18
67,JS_south,0,126,21
67,JS_south,1,125,22
67,JS_south,2,89,17
67,JW_west,0,138,24
67,JW_west,1,90,25
67,JW_west,2,105,18
67,JE_east,0,126,20
67,JE_east,1,129,6
67,JE_east,2,98,21
68,J0_central,0,113,25
68,J0_central,1,132,17
68,J0_central,2,94,19
68,JN_north,0,165,13
68,JN_north,1,42,20
68,JN_north,2,143,17
68,JS_south,0,87,17
68,JS_south,1,151,17
68,JS_south,2,110,18
68,JW_west,0,157,23
68,JW_west,1,136,16
68,JW_west,2,51,17
68,JE_east,0,150,21
68,JE_east,1,117,14
68,JE_east,2,68,30
69,J0_central,0,151,16
69,J0_central,1,117,26
69,J0_central,2,71,19
69,JN_north,0,30,17
69,JN_north,1,123,16
69,JN_north,2,198,16
69,JS_south,0,63,19
69,JS_south,1,207,25
69,JS_south,2,66,20
69,JW_west,0,100,15
69,JW_west,1,170,20
69,JW_west,2,76,19
69,JE_east,0,151,24
69,JE_east,1,57,13
69,JE_east,2,141,14
70,J0_central,0,168,17
70,J0_central,1,97,24
70,J0_central,2,74,20
70,JN_north,0,133,15
70,JN_north,1,86,24
70,JN_north,2,124,18
70,JS_south,0,135,19
70,JS_south,1,164,16
70,JS_south,2,49,17
70,JW_west,0,143,26
70,JW_west,1,154,22
70,JW_west,2,39,16
70,JE_east,0,126,18
70,JE_east,1,166,22
70,JE_east,2,55,13
71,J0_central,0,131,14
71,J0_central,1,151,19
71,J0_central,2,70,15
71,JN_north,0,136,15
71,JN_north,1,92,11
71,JN_north,2,132,14
71,JS_south,0,75,21
71,JS_south,1,194,16
71,JS_south,2,74,20
71,JW_west,0,165,26
71,JW_west,1,86,15
71,JW_west,2,91,17
71,JE_east,0,145,17
71,JE_east,1,143,19
71,JE_east,2,62,14
72,J0_central,0,167,21
72,J0_central,1,113,22
72,J0_central,2,48,29
72,JN_north,0,191,14
72,JN_north,1,75,17
72,JN_north,2,81,22
72,JS_south,0,151,21
72,JS_south,1,116,17
72,JS_south,2,80,15
72,JW_west,0,143,18
72,JW_west,1,83,26
72,JW_west,2,111,19
72,JE_east,0,145,17
72,JE_east,1,101,23
72,JE_east,2,97,17
73,J0_central,0,113,22
73,J0_central,1,167,11
73,J0_central,2,66,21
73,JN_north,0,69,24
73,JN_north,1,79,17
73,JN_north,2,199,12
73,JS_south,0,118,26
73,JS_south,1,139,30
73,JS_south,2,72,15
73,JW_west,0,162,14
73,JW_west,1,137,10
73,JW_west,2,54,23
73,JE_east,0,129,23
73,JE_east,1,103,22
73,JE_east,2,105,18
74,J0_central,0,138,24
74,J0_central,1,101,20
74,J0_central,2,92,25
74,JN_north,0,95,14
74,JN_north,1,107,13
74,JN_north,2,145,26
74,JS_south,0,100,18
74,JS_south,1,206,27
74,JS_south,2,29,20
74,JW_west,0,102,16
74,JW_west,1,118,16
74,JW_west,2,125,23
74,JE_east,0,129,18
74,JE_east,1,144,18
74,JE_east,2,75,16
75,J0_central,0,140,17
75,J0_central,1,84,16
75,J0_central,2,126,17
75,JN_north,0,149,26
75,JN_north,1,124,20
75,JN_north,2,60,21
75,JS_south,0,141,15
75,JS_south,1,141,19
75,JS_south,2,67,17
75,JW_west,0,82,14
75,JW_west,1,183,26
75,JW_west,2,73,22
75,JE_east,0,111,22
75,JE_east,1,122,20
75,JE_east,2,108,17
76,J0_central,0,152,22
76,J0_central,1,93,18
76,J0_central,2,96,19
76,JN_north,0,68,19
76,JN_north,1,72,24
76,JN_north,2,205,12
76,JS_south,0,132,23
76,JS_south,1,139,12
76,JS_south,2,74,20
76,JW_west,0,146,20
76,JW_west,1,121,16
76,JW_west,2,75,22
76,JE_east,0,121,19
76,JE_east,1,138,18
76,JE_east,2,90,14
77,J0_central,0,125,19
77,J0_central,1,80,24
77,J0_central,2,135,17
77,JN_north,0,130,22
77,JN_north,1,80,14
77,JN_north,2,133,21
77,JS_south,0,93,22
77,JS_south,1,147,13
77,JS_south,2,104,21
77,JW_west,0,163,27
77,JW_west,1,90,19
77,JW_west,2,82,19
77,JE_east,0,145,21
77,JE_east,1,140,22
77,JE_east,2,58,14
78,J0_central,0,120,17
78,J0_central,1,133,16
78,J0_central,2,89,25
78,JN_north,0,132,16
78,JN_north,1,80,24
78,JN_north,2,129,19
78,JS_south,0,158,25
78,JS_south,1,144,16
78,JS_south,2,36,21
78,JW_west,0,159,22
78,JW_west,1,95,15
78,JW_west,2,87,22
78,JE_east,0,66,22
78,JE_east,1,145,14
78,JE_east,2,127,26
79,J0_central,0,115,19
79,J0_central,1,130,17
79,J0_central,2,96,23
79,JN_north,0,136,17
79,JN_north,1,51,18
79,JN_north,2,160,18
79,JS_south,0,115,23
79,JS_south,1,141,18
79,JS_south,2,84,19
79,JW_west,0,97,20
79,JW_west,1,177,26
79,JW_west,2,61,19
79,JE_east,0,116,19
79,JE_east,1,149,13
79,JE_east,2,83,20
80,J0_central,0,106,19
80,J0_central,1,118,19
80,J0_central,2,124,14
80,JN_north,0,218,16
80,JN_north,1,31,24
80,JN_north,2,88,23
80,JS_south,0,104,17
80,JS_south,1,152,17
80,JS_south,2,83,27
80,JW_west,0,102,22
80,JW_west,1,134,18
80,JW_west,2,105,19
80,JE_east,0,107,20
80,JE_east,1,155,26
80,JE_east,2,70,22
81,J0_central,0,120,25
81,J0_central,1,175,19
81,J0_central,2,40,21
81,JN_north,0,195,17
81,JN_north,1,81,23
81,JN_north,2,67,17
81,JS_south,0,177,17
81,JS_south,1,86,19
81,JS_south,2,80,21
81,JW_west,0,88,21
81,JW_west,1,134,17
81,JW_west,2,119,21
81,JE_east,0,102,19
81,JE_east,1,132,17
81,JE_east,2,105,25
82,J0_central,0,138,16
82,J0_central,1,184,14
82,J0_central,2,25,23
82,JN_north,0,145,19
82,JN_north,1,128,17
82,JN_north,2,74,17
82,JS_south,0,145,25
82,JS_south,1,144,17
82,JS_south,2,55,14
82,JW_west,0,126,23
82,JW_west,1,146,17
82,JW_west,2,72,16
82,JE_east,0,144,19
82,JE_east,1,89,24
82,JE_east,2,103,21
83,J0_central,0,97,14
83,J0_central,1,185,25
83,J0_central,2,61,18
83,JN_north,0,155,22
83,JN_north,1,84,23
83,JN_north,2,98,18
83,JS_south,0,90,21
83,JS_south,1,134,27
83,JS_south,2,102,26
83,JW_west,0,104,19
83,JW_west,1,146,19
83,JW_west,2,88,24
83,JE_east,0,111,21
83,JE_east,1,135,14
83,JE_east,2,101,18
84,J0_central,0,97,22
84,J0_central,1,152,24
84,J0_central,2,88,17
84,JN_north,0,120,16
84,JN_north,1,99,25
84,JN_north,2,120,20
84,JS_south,0,118,23
84,JS_south,1,181,21
84,JS_south,2,42,15
84,JW_west,0,175,21
84,JW_west,1,62,21
84,JW_west,2,102,19
84,JE_east,0,109,16
84,JE_east,1,197,15
84,JE_east,2,47,16
85,J0_central,0,85,25
85,J0_central,1,141,17
85,J0_central,2,108,24
85,JN_north,0,152,25
85,JN_north,1,86,23
85,JN_north,2,98,16
85,JS_south,0,114,11
85,JS_south,1,147,31
85,JS_south,2,81,16
85,JW_west,0,127,16
85,JW_west,1,98,18
85,JW_west,2,122,19
85,JE_east,0,52,22
85,JE_east,1,226,13
85,JE_east,2,79,8
86,J0_central,0,211,14
86,J0_central,1,58,16
86,J0_central,2,87,14
86,JN_north,0,216,18
86,JN_north,1,59,21
86,JN_north,2,62,24
86,JS_south,0,128,23
86,JS_south,1,150,18
86,JS_south,2,63,18
86,JW_west,0,83,20
86,JW_west,1,75,18
86,JW_west,2,183,21
86,JE_east,0,152,18
86,JE_east,1,121,27
86,JE_east,2,67,15
87,J0_central,0,72,18
87,J0_central,1,128,17
87,J0_central,2,144,21
87,JN_north,0,128,18
87,JN_north,1,117,19
87,JN_north,2,99,19
87,JS_south,0,160,19
87,JS_south,1,108,25
87,JS_south,2,70,18
87,JW_west,0,107,18
87,JW_west,1,107,24
87,JW_west,2,122,22
87,JE_east,0,153,21
87,JE_east,1,136,19
87,JE_east,2,60,11
88,J0_central,0,158,21
88,J0_central,1,151,17
88,J0_central,2,37,16
88,JN_north,0,117,17
88,JN_north,1,150,12
88,JN_north,2,83,21
88,JS_south,0,150,19
88,JS_south,1,114,17
88,JS_south,2,76,24
88,JW_west,0,75,12
88,JW_west,1,157,15
88,JW_west,2,117,24
88,JE_east,0,101,19
88,JE_east,1,151,17
88,JE_east,2,88,24
89,J0_central,0,157,25
89,J0_central,1,132,27
89,J0_central,2,41,18
89,JN_north,0,172,16
89,JN_north,1,16,22
89,JN_north,2,150,24
89,JS_south,0,108,19
89,JS_south,1,184,15
89,JS_south,2,57,17
89,JW_west,0,184,21
89,JW_west,1,104,23
89,JW_west,2,42,26
89,JE_east,0,140,14
89,JE_east,1,112,26
89,JE_east,2,88,20
90,J0_central,0,103,20
90,J0_central,1,163,24
90,J0_central,2,78,12
90,JN_north,0,160,23
90,JN_north,1,119,15
90,JN_north,2,70,13
90,JS_south,0,136,20
90,JS_south,1,118,19
90,JS_south,2,86,21
90,JW_west,0,155,15
90,JW_west,1,141,19
90,JW_west,2,50,20
90,JE_east,0,122,23
90,JE_east,1,174,21
90,JE_east,2,45,15
91,J0_central,0,125,18
91,J0_central,1,119,24
91,J0_central,2,85,29
91,JN_north,0,152,20
91,JN_north,1,80,17
91,JN_north,2,109,22
91,JS_south,0,110,21
91,JS_south,1,138,22
91,JS_south,2,97,12
91,JW_west,0,103,21
91,JW_west,1,144,25
91,JW_west,2,96,11
91,JE_east,0,141,20
91,JE_east,1,136,18
91,JE_east,2,60,25
92,J0_central,0,108,23
92,J0_central,1,134,20
92,J0_central,2,96,19
92,JN_north,0,193,16
92,JN_north,1,38,24
92,JN_north,2,101,28
92,JS_south,0,107,21
92,JS_south,1,126,21
92,JS_south,2,103,22
92,JW_west,0,94,21
92,JW_west,1,154,28
92,JW_west,2,82,21
92,JE_east,0,192,23
92,JE_east,1,102,14
92,JE_east,2,51,18
93,J0_central,0,120,19
93,J0_central,1,145,21
93,J0_central,2,81,14
93,JN_north,0,177,17
93,JN_north,1,101,14
93,JN_north,2,72,19
93,JS_south,0,86,18
93,JS_south,1,162,19
93,JS_south,2,96,19
93,JW_west,0,130,22
93,JW_west,1,58,23
93,JW_west,2,148,19
93,JE_east,0,121,14
93,JE_east,1,138,26
93,JE_east,2,80,21
94,J0_central,0,132,19
94,J0_central,1,129,23
94,J0_central,2,84,13
94,JN_north,0,131,20
94,JN_north,1,53,16
94,JN_north,2,149,31
94,JS_south,0,76,27
94,JS_south,1,151,17
94,JS_south,2,104,25
94,JW_west,0,211,16
94,JW_west,1,90,26
94,JW_west,2,36,21
94,JE_east,0,107,22
94,JE_east,1,138,29
94,JE_east,2,80,24
95,J0_central,0,146,13
95,J0_central,1,135,19
95,J0_central,2,69,18
95,JN_north,0,225,23
95,JN_north,1,21,22
95,JN_north,2,94,15
95,JS_south,0,123,13
95,JS_south,1,117,24
95,JS_south,2,101,22
95,JW_west,0,201,17
95,JW_west,1,96,19
95,JW_west,2,51,16
95,JE_east,0,94,22
95,JE_east,1,119,16
95,JE_east,2,121,28
96,J0_central,0,133,20
96,J0_central,1,98,17
96,J0_central,2,113,19
96,JN_north,0,112,15
96,JN_north,1,152,14
96,JN_north,2,82,25
96,JS_south,0,130,21
96,JS_south,1,143,15
96,JS_south,2,64,27
96,JW_west,0,188,20
96,JW_west,1,102,21
96,JW_west,2,48,21
96,JE_east,0,89,23
96,JE_east,1,103,10
96,JE_east,2,146,29
97,J0_central,0,110,17
97,J0_central,1,110,12
97,J0_central,2,134,17
97,JN_north,0,136,19
97,JN_north,1,71,22
97,JN_north,2,128,24
97,JS_south,0,96,19
97,JS_south,1,181,20
97,JS_south,2,68,16
97,JW_west,0,197,15
97,JW_west,1,66,24
97,JW_west,2,82,16
97,JE_east,0,176,14
97,JE_east,1,126,18
97,JE_east,2,49,17
98,J0_central,0,109,20
98,J0_central,1,101,23
98,J0_central,2,132,15
98,JN_north,0,195,23
98,JN_north,1,76,18
98,JN_north,2,66,22
98,JS_south,0,164,21
98,JS_south,1,120,18
98,JS_south,2,57,20
98,JW_west,0,167,17
98,JW_west,1,91,24
98,JW_west,2,84,17
98,JE_east,0,137,13
98,JE_east,1,123,23
98,JE_east,2,87,17
99,J0_central,0,137,17
99,J0_central,1,88,20
99,J0_central,2,118,20
99,JN_north,0,181,11
99,JN_north,1,88,21
99,JN_north,2,74,25
99,JS_south,0,66,19
99,JS_south,1,174,19
99,JS_south,2,92,30
99,JW_west,0,132,27
99,JW_west,1,158,23
99,JW_west,2,46,14
99,JE_east,0,128,24
99,JE_east,1,119,20
99,JE_east,2,80,29
100,J0_central,0,171,14
100,J0_central,1,78,22
100,J0_central,2,94,21
100,JN_north,0,187,13
100,JN_north,1,115,16
100,JN_north,2,42,27
100,JS_south,0,132,19
100,JS_south,1,120,20
100,JS_south,2,91,18
100,JW_west,0,160,11
100,JW_west,1,116,18
100,JW_west,2,72,23
100,JE_east,0,165,18
100,JE_east,1,134,16
100,JE_east,2,51,16
101,J0_central,0,135,21
101,J0_central,1,85,16
101,J0_central,2,122,21
101,JN_north,0,185,13
101,JN_north,1,89,22
101,JN_north,2,71,20
101,JS_south,0,118,17
101,JS_south,1,149,16
101,JS_south,2,80,20
101,JW_west,0,132,14
101,JW_west,1,125,24
101,JW_west,2,83,22
101,JE_east,0,122,14
101,JE_east,1,147,23
101,JE_east,2,73,21
102,J0_central,0,115,19
102,J0_central,1,103,20
102,J0_central,2,124,19
102,JN_north,0,181,20
102,JN_north,1,66,18
102,JN_north,2,99,16
102,JS_south,0,88,21
102,JS_south,1,176,17
102,JS_south,2,73,25
102,JW_west,0,183,18
102,JW_west,1,130,20
102,JW_west,2,36,13
102,JE_east,0,145,18
102,JE_east,1,157,20
102,JE_east,2,37,23
103,J0_central,0,114,15
103,J0_central,1,141,18
103,J0_central,2,95,17
103,JN_north,0,187,13
103,JN_north,1,55,19
103,JN_north,2,101,25
103,JS_south,0,78,19
103,JS_south,1,162,17
103,JS_south,2,98,26
103,JW_west,0,129,20
103,JW_west,1,153,19
103,JW_west,2,58,21
103,JE_east,0,150,22
103,JE_east,1,119,15
103,JE_east,2,72,22
104,J0_central,0,138,23
104,J0_central,1,121,17
104,J0_central,2,84,17
104,JN_north,0,190,22
104,JN_north,1,50,21
104,JN_north,2,100,17
104,JS_south,0,86,28
104,JS_south,1,151,23
104,JS_south,2,93,19
104,JW_west,0,124,17
104,JW_west,1,153,21
104,JW_west,2,57,28
104,JE_east,0,150,30
104,JE_east,1,99,14
104,JE_east,2,90,17
105,J0_central,0,160,21
105,J0_central,1,85,25
105,J0_central,2,87,22
105,JN_north,0,186,16
105,JN_north,1,61,17
105,JN_north,2,108,12
105,JS_south,0,121,16
105,JS_south,1,152,27
105,JS_south,2,70,14
105,JW_west,0,141,26
105,JW_west,1,120,20
105,JW_west,2,78,15
105,JE_east,0,122,10
105,JE_east,1,138,17
105,JE_east,2,97,16
106,J0_central,0,78,17
106,J0_central,1,139,20
106,J0_central,2,130,16
106,JN_north,0,172,20
106,JN_north,1,83,22
106,JN_north,2,82,21
106,JS_south,0,107,14
106,JS_south,1,128,17
106,JS_south,2,116,18
106,JW_west,0,180,17
106,JW_west,1,59,29
106,JW_west,2,103,12
106,JE_east,0,67,14
106,JE_east,1,196,22
106,JE_east,2,79,22
107,J0_central,0,91,17
107,J0_central,1,133,14
107,J0_central,2,124,21
107,JN_north,0,104,17
107,JN_north,1,132,18
107,JN_north,2,100,29
107,JS_south,0,121,23
107,JS_south,1,154,16
107,JS_south,2,63,23
107,JW_west,0,143,11
107,JW_west,1,161,19
107,JW_west,2,43,23
107,JE_east,0,112,19
107,JE_east,1,165,29
107,JE_east,2,59,16
108,J0_central,0,81,26
108,J0_central,1,125,22
108,J0_central,2,131,15
108,JN_north,0,124,24
108,JN_north,1,126,11
108,JN_north,2,100,15
108,JS_south,0,94,12
108,JS_south,1,146,23
108,JS_south,2,103,22
108,JW_west,0,116,19
108,JW_west,1,145,15
108,JW_west,2,88,17
108,JE_east,0,130,17
108,JE_east,1,106,18
108,JE_east,2,108,21
109,J0_central,0,166,12
109,J0_central,1,64,22
109,J0_central,2,118,18
109,JN_north,0,89,26
109,JN_north,1,141,16
109,JN_north,2,113,15
109,JS_south,0,141,26
109,JS_south,1,157,18
109,JS_south,2,37,21
109,JW_west,0,111,18
109,JW_west,1,133,22
109,JW_west,2,91,25
109,JE_east,0,101,21
109,JE_east,1,79,21
109,JE_east,2,155,23
110,J0_central,0,118,18
110,J0_central,1,104,24
110,J0_central,2,114,22
110,JN_north,0,202,15
110,JN_north,1,101,29
110,JN_north,2,33,20
110,JS_south,0,112,23
110,JS_south,1,157,26
110,JS_south,2,63,19
110,JW_west,0,122,17
110,JW_west,1,113,14
110,JW_west,2,119,15
110,JE_east,0,70,16
110,JE_east,1,93,23
110,JE_east,2,177,21
111,J0_central,0,107,28
111,J0_central,1,127,23
111,J0_central,2,98,17
111,JN_north,0,111,25
111,JN_north,1,121,15
111,JN_north,2,115,13
111,JS_south,0,118,24
111,JS_south,1,174,20
111,JS_south,2,47,17
111,JW_west,0,117,19
111,JW_west,1,143,18
111,JW_west,2,82,21
111,JE_east,0,57,18
111,JE_east,1,196,19
111,JE_east,2,85,25
112,J0_central,0,144,23
112,J0_central,1,94,14
112,J0_central,2,104,21
112,JN_north,0,208,13
112,JN_north,1,70,13
112,JN_north,2,82,14
112,JS_south,0,99,19
112,JS_south,1,177,27
112,JS_south,2,61,17
112,JW_west,0,137,18
112,JW_west,1,142,18
112,JW_west,2,63,22
112,JE_east,0,67,22
112,JE_east,1,157,20
112,JE_east,2,108,26
113,J0_central,0,81,18
113,J0_central,1,164,18
113,J0_central,2,102,17
113,JN_north,0,101,18
113,JN_north,1,160,16
113,JN_north,2,84,21
113,JS_south,0,121,14
113,JS_south,1,108,28
113,JS_south,2,100,29
113,JW_west,0,151,19
113,JW_west,1,90,20
113,JW_west,2,105,15
113,JE_east,0,102,21
113,JE_east,1,58,16
113,JE_east,2,184,19
114,J0_central,0,82,19
114,J0_central,1,170,20
114,J0_central,2,85,24
114,JN_north,0,93,25
114,JN_north,1,70,18
114,JN_north,2,171,23
114,JS_south,0,75,26
114,JS_south,1,168,19
114,JS_south,2,85,27
114,JW_west,0,87,17
114,JW_west,1,187,9
114,JW_west,2,77,23
114,JE_east,0,178,19
114,JE_east,1,98,24
114,JE_east,2,61,20
115,J0_central,0,102,21
115,J0_central,1,111,18
115,J0_central,2,132,16
115,JN_north,0,138,20
115,JN_north,1,80,20
115,JN_north,2,129,13
115,JS_south,0,97,16
115,JS_south,1,127,31
115,JS_south,2,111,18
115,JW_west,0,191,15
115,JW_west,1,59,19
115,JW_west,2,97,19
115,JE_east,0,138,18
115,JE_east,1,140,13
115,JE_east,2,77,14
116,J0_central,0,156,16
116,J0_central,1,110,17
116,J0_central,2,86,15
116,JN_north,0,148,25
116,JN_north,1,82,19
116,JN_north,2,109,17
116,JS_south,0,116,14
116,JS_south,1,136,19
116,JS_south,2,93,22
116,JW_west,0,213,21
116,JW_west,1,52,22
116,JW_west,2,73,19
116,JE_east,0,181,16
116,JE_east,1,111,19
116,JE_east,2,54,19
117,J0_central,0,177,24
117,J0_central,1,84,29
117,J0_central,2,68,18
117,JN_north,0,150,24
117,JN_north,1,76,17
117,JN_north,2,109,24
117,JS_south,0,93,22
117,JS_south,1,170,27
117,JS_south,2,73,15
117,JW_west,0,159,24
117,JW_west,1,114,17
117,JW_west,2,69,17
117,JE_east,0,111,19
117,JE_east,1,140,25
117,JE_east,2,84,21
118,J0_central,0,160,21
118,J0_central,1,95,16
118,J0_central,2,90,18
118,JN_north,0,127,20
118,JN_north,1,127,23
118,JN_north,2,83,20
118,JS_south,0,176,23
118,JS_south,1,95,23
118,JS_south,2,71,12
118,JW_west,0,204,23
118,JW_west,1,84,22
118,JW_west,2,48,19
118,JE_east,0,125,24
118,JE_east,1,173,27
118,JE_east,2,38,13
119,J0_central,0,103,23
119,J0_central,1,128,19
119,J0_central,2,102,25
119,JN_north,0,144,19
119,JN_north,1,153,10
119,JN_north,2,55,19
119,JS_south,0,149,11
119,JS_south,1,146,24
119,JS_south,2,51,19
119,JW_west,0,157,20
119,JW_west,1,101,21
119,JW_west,2,79,22
119,JE_east,0,166,17
119,JE_east,1,94,26
119,JE_east,2,74,23
120,J0_central,0,132,23
120,J0_central,1,118,18
120,J0_central,2,98,11
120,JN_north,0,156,21
120,JN_north,1,78,24
120,JN_north,2,109,12
120,JS_south,0,163,23
120,JS_south,1,117,17
120,JS_south,2,65,15
120,JW_west,0,149,12
120,JW_west,1,126,19
120,JW_west,2,74,20
120,JE_east,0,141,17
120,JE_east,1,84,22
120,JE_east,2,117,19
121,J0_central,0,73,19
121,J0_central,1,118,12
121,J0_central,2,161,17
121,JN_north,0,219,15
121,JN_north,1,62,19
121,JN_north,2,69,16
121,JS_south,0,135,15
121,JS_south,1,124,19
121,JS_south,2,78,29
121,JW_west,0,204,27
121,JW_west,1,87,12
121,JW_west,2,48,22
121,JE_east,0,165,16
121,JE_east,1,139,10
121,JE_east,2,55,15
122,J0_central,0,81,19
122,J0_central,1,87,18
122,J0_central,2,177,18
122,JN_north,0,182,22
122,JN_north,1,112,17
122,JN_north,2,47,20
122,JS_south,0,118,30
122,JS_south,1,163,24
122,JS_south,2,47,18
122,JW_west,0,190,14
122,JW_west,1,119,17
122,JW_west,2,36,24
122,JE_east,0,39,27
122,JE_east,1,154,13
122,JE_east,2,149,18
123,J0_central,0,91,23
123,J0_central,1,85,17
123,J0_central,2,160,24
123,JN_north,0,155,26
123,JN_north,1,91,20
123,JN_north,2,87,21
123,JS_south,0,163,28
123,JS_south,1,88,15
123,JS_south,2,81,25
123,JW_west,0,59,15
123,JW_west,1,174,21
123,JW_west,2,112,19
123,JE_east,0,57,21
123,JE_east,1,136,21
123,JE_east,2,134,31
124,J0_central,0,167,23
124,J0_central,1,80,19
124,J0_central,2,90,21
124,JN_north,0,194,15
124,JN_north,1,84,21
124,JN_north,2,65,21
124,JS_south,0,66,18
124,JS_south,1,213,22
124,JS_south,2,59,22
124,JW_west,0,203,18
124,JW_west,1,71,20
124,JW_west,2,73,15
124,JE_east,0,103,24
124,JE_east,1,166,17
124,JE_east,2,71,19
125,J0_central,0,110,23
125,J0_central,1,85,24
125,J0_central,2,144,14
125,JN_north,0,190,22
125,JN_north,1,111,16
125,JN_north,2,43,18
125,JS_south,0,109,25
125,JS_south,1,134,22
125,JS_south,2,102,8
125,JW_west,0,182,15
125,JW_west,1,72,19
125,JW_west,2,87,25
125,JE_east,0,117,10
125,JE_east,1,131,21
125,JE_east,2,105,16
126,J0_central,0,183,25
126,J0_central,1,109,14
126,J0_central,2,48,21
126,JN_north,0,142,21
126,JN_north,1,89,29
126,JN_north,2,101,18
126,JS_south,0,126,16
126,JS_south,1,134,28
126,JS_south,2,68,28
126,JW_west,0,88,20
126,JW_west,1,150,19
126,JW_west,2,104,19
126,JE_east,0,39,22
126,JE_east,1,128,16
126,JE_east,2,181,14
127,J0_central,0,57,19
127,J0_central,1,169,23
127,J0_central,2,116,16
127,JN_north,0,132,11
127,JN_north,1,166,26
127,JN_north,2,52,13
127,JS_south,0,115,14
127,JS_south,1,121,22
127,JS_south,2,106,22
127,JW_west,0,138,28
127,JW_west,1,135,15
127,JW_west,2,66,18
127,JE_east,0,172,18
127,JE_east,1,86,17
127,JE_east,2,83,24
128,J0_central,0,84,23
128,J0_central,1,117,16
128,J0_central,2,145,15
128,JN_north,0,134,19
128,JN_north,1,58,20
128,JN_north,2,142,27
128,JS_south,0,80,22
128,JS_south,1,112,27
128,JS_south,2,139,20
128,JW_west,0,101,24
128,JW_west,1,140,15
128,JW_west,2,100,20
128,JE_east,0,98,14
128,JE_east,1,89,17
128,JE_east,2,166,16
129,J0_central,0,116,25
129,J0_central,1,103,21
129,J0_central,2,119,16
129,JN_north,0,168,18
129,JN_north,1,65,25
129,JN_north,2,111,13
129,JS_south,0,95,17
129,JS_south,1,163,22
129,JS_south,2,69,34
129,JW_west,0,206,16
129,JW_west,1,45,14
129,JW_west,2,105,14
129,JE_east,0,127,21
129,JE_east,1,157,20
129,JE_east,2,52,23
130,J0_central,0,69,18
130,J0_central,1,99,20
130,J0_central,2,172,22
130,JN_north,0,106,17
130,JN_north,1,106,20
130,JN_north,2,138,13
130,JS_south,0,155,18
130,JS_south,1,129,16
130,JS_south,2,61,21
130,JW_west,0,178,21
130,JW_west,1,92,23
130,JW_west,2,62,24
130,JE_east,0,153,27
130,JE_east,1,93,14
130,JE_east,2,90,23
131,J0_central,0,126,17
131,J0_central,1,116,20
131,J0_central,2,102,19
131,JN_north,0,147,24
131,JN_north,1,91,18
131,JN_north,2,106,14
131,JS_south,0,143,19
131,JS_south,1,112,18
131,JS_south,2,92,16
131,JW_west,0,119,15
131,JW_west,1,117,12
131,JW_west,2,116,21
131,JE_east,0,165,18
131,JE_east,1,62,11
131,JE_east,2,116,28
132,J0_central,0,166,19
132,J0_central,1,104,16
132,J0_central,2,83,12
132,JN_north,0,194,22
132,JN_north,1,88,18
132,JN_north,2,63,15
132,JS_south,0,102,20
132,JS_south,1,131,21
132,JS_south,2,108,18
132,JW_west,0,139,28
132,JW_west,1,134,23
132,JW_west,2,65,11
132,JE_east,0,135,23
132,JE_east,1,92,9
132,JE_east,2,122,19
133,J0_central,0,134,18
133,J0_central,1,94,23
133,J0_central,2,106,25
133,JN_north,0,102,19
133,JN_north,1,193,19
133,JN_north,2,46,21
133,JS_south,0,133,25
133,JS_south,1,88,24
133,JS_south,2,107,23
133,JW_west,0,83,19
133,JW_west,1,171,23
133,JW_west,2,82,22
133,JE_east,0,52,19
133,JE_east,1,145,16
133,JE_east,2,153,15
134,J0_central,0,159,15
134,J0_central,1,101,17
134,J0_central,2,81,27
134,JN_north,0,92,21
134,JN_north,1,172,11
134,JN_north,2,76,28
134,JS_south,0,129,19
134,JS_south,1,86,32
134,JS_south,2,118,16
134,JW_west,0,182,11
134,JW_west,1,56,20
134,JW_west,2,103,28
134,JE_east,0,101,16
134,JE_east,1,125,24
134,JE_east,2,111,23
135,J0_central,0,81,19
135,J0_central,1,133,22
135,J0_central,2,124,21
135,JN_north,0,189,26
135,JN_north,1,57,22
135,JN_north,2,87,19
135,JS_south,0,150,15
135,JS_south,1,110,26
135,JS_south,2,83,16
135,JW_west,0,153,16
135,JW_west,1,109,11
135,JW_west,2,87,24
135,JE_east,0,108,13
135,JE_east,1,88,22
135,JE_east,2,144,25
136,J0_central,0,150,23
136,J0_central,1,72,31
136,J0_central,2,107,17
136,JN_north,0,204,16
136,JN_north,1,109,28
136,JN_north,2,27,16
136,JS_south,0,128,27
136,JS_south,1,134,16
136,JS_south,2,76,19
136,JW_west,0,172,25
136,JW_west,1,62,26
136,JW_west,2,98,17
136,JE_east,0,111,25
136,JE_east,1,99,10
136,JE_east,2,136,19
137,J0_central,0,118,22
137,J0_central,1,116,26
137,J0_central,2,102,16
137,JN_north,0,116,24
137,JN_north,1,138,22
137,JN_north,2,85,15
137,JS_south,0,151,19
137,JS_south,1,121,24
137,JS_south,2,67,18
137,JW_west,0,172,20
137,JW_west,1,72,18
137,JW_west,2,91,27
137,JE_east,0,72,13
137,JE_east,1,117,22
137,JE_east,2,154,22
138,J0_central,0,128,12
138,J0_central,1,171,13
138,J0_central,2,61,15
138,JN_north,0,99,17
138,JN_north,1,122,19
138,JN_north,2,122,21
138,JS_south,0,158,22
138,JS_south,1,135,20
138,JS_south,2,55,10
138,JW_west,0,89,20
138,JW_west,1,179,19
138,JW_west,2,75,18
138,JE_east,0,72,14
138,JE_east,1,63,18
138,JE_east,2,210,23
139,J0_central,0,33,20
139,J0_central,1,111,16
139,J0_central,2,198,22
139,JN_north,0,127,19
139,JN_north,1,91,23
139,JN_north,2,121,19
139,JS_south,0,151,24
139,JS_south,1,85,20
139,JS_south,2,98,22
139,JW_west,0,157,18
139,JW_west,1,96,24
139,JW_west,2,85,20
139,JE_east,0,130,17
139,JE_east,1,118,31
139,JE_east,2,83,21
140,J0_central,0,17,26
140,J0_central,1,247,21
140,J0_central,2,65,24
140,JN_north,0,193,18
140,JN_north,1,126,10
140,JN_north,2,40,13
140,JS_south,0,174,16
140,JS_south,1,124,21
140,JS_south,2,49,16
140,JW_west,0,174,27
140,JW_west,1,117,29
140,JW_west,2,38,15
140,JE_east,0,106,15
140,JE_east,1,75,17
140,JE_east,2,165,22
141,J0_central,0,70,27
141,J0_central,1,113,23
141,J0_central,2,148,19
141,JN_north,0,146,27
141,JN_north,1,95,21
141,JN_north,2,92,19
141,JS_south,0,121,19
141,JS_south,1,125,18
141,JS_south,2,101,16
141,JW_west,0,71,19
141,JW_west,1,178,30
141,JW_west,2,87,15
141,JE_east,0,62,24
141,JE_east,1,110,19
141,JE_east,2,164,21
142,J0_central,0,70,18
142,J0_central,1,190,21
142,J0_central,2,86,15
142,JN_north,0,113,23
142,JN_north,1,107,15
142,JN_north,2,123,19
142,JS_south,0,154,17
142,JS_south,1,115,18
142,JS_south,2,73,23
142,JW_west,0,157,24
142,JW_west,1,86,21
142,JW_west,2,83,29
142,JE_east,0,125,20
142,JE_east,1,129,24
142,JE_east,2,86,16
143,J0_central,0,72,24
143,J0_central,1,130,14
143,J0_central,2,138,22
143,JN_north,0,101,20
143,JN_north,1,95,25
143,JN_north,2,136,23
143,JS_south,0,67,22
143,JS_south,1,203,23
143,JS_south,2,64,21
143,JW_west,0,188,19
143,JW_west,1,82,25
143,JW_west,2,63,23
143,JE_east,0,88,22
143,JE_east,1,164,22
143,JE_east,2,79,25
144,J0_central,0,34,21
144,J0_central,1,238,23
144,J0_central,2,53,31
144,JN_north,0,134,23
144,JN_north,1,101,15
144,JN_north,2,114,13
144,JS_south,0,157,23
144,JS_south,1,88,17
144,JS_south,2,98,17
144,JW_west,0,134,19
144,JW_west,1,121,22
144,JW_west,2,84,20
144,JE_east,0,111,22
144,JE_east,1,112,17
144,JE_east,2,116,22
145,J0_central,0,73,15
145,J0_central,1,101,19
145,J0_central,2,164,28
145,JN_north,0,184,18
145,JN_north,1,80,16
145,JN_north,2,86,16
145,JS_south,0,122,20
145,JS_south,1,135,32
145,JS_south,2,79,12
145,JW_west,0,119,26
145,JW_west,1,77,18
145,JW_west,2,136,24
145,JE_east,0,126,11
145,JE_east,1,80,10
145,JE_east,2,155,18
146,J0_central,0,98,12
146,J0_central,1,98,20
146,J0_central,2,145,27
146,JN_north,0,126,17
146,JN_north,1,84,25
146,JN_north,2,130,18
146,JS_south,0,143,28
146,JS_south,1,94,14
146,JS_south,2,97,24
146,JW_west,0,188,20
146,JW_west,1,154,13
146,JW_west,2,10,15
146,JE_east,0,29,18
146,JE_east,1,151,17
146,JE_east,2,171,14
147,J0_central,0,37,18
147,J0_central,1,159,22
147,J0_central,2,143,21
147,JN_north,0,127,17
147,JN_north,1,92,21
147,JN_north,2,114,29
147,JS_south,0,89,20
147,JS_south,1,169,27
147,JS_south,2,71,24
147,JW_west,0,221,14
147,JW_west,1,54,17
147,JW_west,2,80,14
147,JE_east,0,151,28
147,JE_east,1,79,17
147,JE_east,2,108,17
148,J0_central,0,117,16
148,J0_central,1,121,34
148,J0_central,2,97,15
148,JN_north,0,94,20
148,JN_north,1,168,20
148,JN_north,2,82,16
148,JS_south,0,168,21
148,JS_south,1,123,26
148,JS_south,2,50,12
148,JW_west,0,125,19
148,JW_west,1,169,22
148,JW_west,2,42,23
148,JE_east,0,108,17
148,JE_east,1,63,13
148,JE_east,2,176,23
149,J0_central,0,104,22
149,J0_central,1,115,24
149,J0_central,2,113,22
149,JN_north,0,100,21
149,JN_north,1,127,22
149,JN_north,2,104,26
149,JS_south,0,85,15
149,JS_south,1,181,19
149,JS_south,2,88,12
149,JW_west,0,155,14
149,JW_west,1,105,23
149,JW_west,2,85,18
149,JE_east,0,94,22
149,JE_east,1,69,10
149,JE_east,2,185,20
150,J0_central,0,153,27
150,J0_central,1,112,11
150,J0_central,2,76,21
150,JN_north,0,157,14
150,JN_north,1,140,21
150,JN_north,2,44,24
150,JS_south,0,186,18
150,JS_south,1,55,24
150,JS_south,2,100,17
150,JW_west,0,71,13
150,JW_west,1,105,23
150,JW_west,2,167,21
150,JE_east,0,93,19
150,JE_east,1,79,16
150,JE_east,2,179,14
151,J0_central,0,104,22
151,J0_central,1,103,16
151,J0_central,2,134,21
151,JN_north,0,159,16
151,JN_north,1,136,22
151,JN_north,2,54,13
151,JS_south,0,115,15
151,JS_south,1,130,17
151,JS_south,2,101,22
151,JW_west,0,187,24
151,JW_west,1,97,12
151,JW_west,2,56,24
151,JE_east,0,119,26
151,JE_east,1,89,22
151,JE_east,2,128,16
152,J0_central,0,96,21
152,J0_central,1,112,30
152,J0_central,2,119,22
152,JN_north,0,135,25
152,JN_north,1,177,16
152,JN_north,2,32,15
152,JS_south,0,113,16
152,JS_south,1,161,18
152,JS_south,2,75,17
152,JW_west,0,135,23
152,JW_west,1,89,21
152,JW_west,2,115,17
152,JE_east,0,127,16
152,JE_east,1,130,26
152,JE_east,2,82,19
153,J0_central,0,102,23
153,J0_central,1,161,22
153,J0_central,2,75,17
153,JN_north,0,89,19
153,JN_north,1,164,25
153,JN_north,2,89,14
153,JS_south,0,134,18
153,JS_south,1,93,9
153,JS_south,2,128,18
153,JW_west,0,162,19
153,JW_west,1,112,21
153,JW_west,2,60,26
153,JE_east,0,186,24
153,JE_east,1,47,12
153,JE_east,2,107,24
154,J0_central,0,164,21
154,J0_central,1,64,17
154,J0_central,2,110,24
154,JN_north,0,135,14
154,JN_north,1,120,21
154,JN_north,2,90,20
154,JS_south,0,174,18
154,JS_south,1,127,12
154,JS_south,2,51,18
154,JW_west,0,195,16
154,JW_west,1,89,27
154,JW_west,2,54,19
154,JE_east,0,152,17
154,JE_east,1,131,20
154,JE_east,2,61,19
155,J0_central,0,134,16
155,J0_central,1,94,20
155,J0_central,2,114,22
155,JN_north,0,121,26
155,JN_north,1,126,20
155,JN_north,2,87,20
155,JS_south,0,127,14
155,JS_south,1,184,17
155,JS_south,2,34,24
155,JW_west,0,180,19
155,JW_west,1,85,19
155,JW_west,2,87,10
155,JE_east,0,122,23
155,JE_east,1,101,17
155,JE_east,2,114,23
156,J0_central,0,97,24
156,J0_central,1,100,25
156,J0_central,2,129,25
156,JN_north,0,165,14
156,JN_north,1,94,16
156,JN_north,2,92,19
156,JS_south,0,163,16
156,JS_south,1,137,16
156,JS_south,2,53,15
156,JW_west,0,206,17
156,JW_west,1,65,25
156,JW_west,2,71,16
156,JE_east,0,84,20
156,JE_east,1,156,16
156,JE_east,2,101,23
157,J0_central,0,90,20
157,J0_central,1,160,17
157,J0_central,2,97,16
157,JN_north,0,120,16
157,JN_north,1,163,23
157,JN_north,2,57,21
157,JS_south,0,121,27
157,JS_south,1,162,20
157,JS_south,2,55,15
157,JW_west,0,136,17
157,JW_west,1,99,22
157,JW_west,2,102,24
157,JE_east,0,112,20
157,JE_east,1,115,19
157,JE_east,2,111,23
158,J0_central,0,104,21
158,J0_central,1,190,21
158,J0_central,2,42,22
158,JN_north,0,223,23
158,JN_north,1,93,18
158,JN_north,2,27,16
158,JS_south,0,168,18
158,JS_south,1,77,21
158,JS_south,2,91,25
158,JW_west,0,139,16
158,JW_west,1,127,23
158,JW_west,2,79,16
158,JE_east,0,136,17
158,JE_east,1,93,18
158,JE_east,2,111,25
159,J0_central,0,113,20
159,J0_central,1,135,12
159,J0_central,2,100,20
159,JN_north,0,129,9
159,JN_north,1,90,24
159,JN_north,2,122,26
159,JS_south,0,143,15
159,JS_south,1,132,21
159,JS_south,2,64,25
159,JW_west,0,232,19
159,JW_west,1,44,18
159,JW_west,2,64,23
159,JE_east,0,115,8
159,JE_east,1,119,22
159,JE_east,2,114,22
160,J0_central,0,144,17
160,J0_central,1,77,21
160,J0_central,2,128,13
160,JN_north,0,88,15
160,JN_north,1,151,24
160,JN_north,2,101,21
160,JS_south,0,158,13
160,JS_south,1,91,16
160,JS_south,2,97,25
160,JW_west,0,173,24
160,JW_west,1,111,27
160,JW_west,2,47,18
160,JE_east,0,131,22
160,JE_east,1,61,19
160,JE_east,2,149,18
161,J0_central,0,123,20
161,J0_central,1,90,14
161,J0_central,2,134,19
161,JN_north,0,72,15
161,JN_north,1,186,13
161,JN_north,2,94,20
161,JS_south,0,163,24
161,JS_south,1,57,14
161,JS_south,2,120,22
161,JW_west,0,182,15
161,JW_west,1,96,25
161,JW_west,2,60,22
161,JE_east,0,150,18
161,JE_east,1,65,15
161,JE_east,2,135,17
162,J0_central,0,101,32
162,J0_central,1,89,12
162,J0_central,2,148,18
162,JN_north,0,189,25
162,JN_north,1,113,18
162,JN_north,2,44,11
162,JS_south,0,120,23
162,JS_south,1,101,23
162,JS_south,2,112,21
162,JW_west,0,144,27
162,JW_west,1,118,12
162,JW_west,2,85,14
162,JE_east,0,100,14
162,JE_east,1,81,24
162,JE_east,2,164,17
163,J0_central,0,81,23
163,J0_central,1,140,13
163,J0_central,2,130,13
163,JN_north,0,133,18
163,JN_north,1,108,18
163,JN_north,2,101,22
163,JS_south,0,127,15
163,JS_south,1,128,21
163,JS_south,2,78,31
163,JW_west,0,203,16
163,JW_west,1,54,10
163,JW_west,2,104,13
163,JE_east,0,139,25
163,JE_east,1,96,20
163,JE_east,2,100,20
164,J0_central,0,87,18
164,J0_central,1,152,21
164,J0_central,2,111,11
164,JN_north,0,101,23
164,JN_north,1,111,17
164,JN_north,2,132,16
164,JS_south,0,159,25
164,JS_south,1,133,15
164,JS_south,2,52,16
164,JW_west,0,162,26
164,JW_west,1,118,16
164,JW_west,2,53,25
164,JE_east,0,143,24
164,JE_east,1,71,16
164,JE_east,2,125,21
165,J0_central,0,125,25
165,J0_central,1,66,17
165,J0_central,2,146,21
165,JN_north,0,168,18
165,JN_north,1,93,22
165,JN_north,2,81,18
165,JS_south,0,155,13
165,JS_south,1,94,20
165,JS_south,2,103,15
165,JW_west,0,243,11
165,JW_west,1,59,26
165,JW_west,2,42,19
165,JE_east,0,93,22
165,JE_east,1,78,24
165,JE_east,2,165,18
166,J0_central,0,41,21
166,J0_central,1,183,17
166,J0_central,2,124,14
166,JN_north,0,94,18
166,JN_north,1,191,21
166,JN_north,2,52,24
166,JS_south,0,145,20
166,JS_south,1,83,12
166,JS_south,2,125,15
166,JW_west,0,164,19
166,JW_west,1,124,21
166,JW_west,2,51,21
166,JE_east,0,114,25
166,JE_east,1,108,15
166,JE_east,2,121,17
167,J0_central,0,98,11
167,J0_central,1,97,16
167,J0_central,2,158,20
167,JN_north,0,132,16
167,JN_north,1,133,18
167,JN_north,2,80,21
167,JS_south,0,172,14
167,JS_south,1,147,22
167,JS_south,2,33,12
167,JW_west,0,179,20
167,JW_west,1,74,20
167,JW_west,2,90,17
167,JE_east,0,125,24
167,JE_east,1,99,23
167,JE_east,2,111,18
168,J0_central,0,87,18
168,J0_central,1,147,18
168,J0_central,2,105,25
168,JN_north,0,136,26
168,JN_north,1,135,10
168,JN_north,2,70,23
168,JS_south,0,225,21
168,JS_south,1,93,21
168,JS_south,2,27,13
168,JW_west,0,131,24
168,JW_west,1,126,23
168,JW_west,2,84,12
168,JE_east,0,119,22
168,JE_east,1,121,19
168,JE_east,2,93,26
169,J0_central,0,74,23
169,J0_central,1,142,17
169,J0_central,2,123,21
169,JN_north,0,100,21
169,JN_north,1,116,23
169,JN_north,2,117,23
169,JS_south,0,96,14
169,JS_south,1,213,18
169,JS_south,2,47,12
169,JW_west,0,150,12
169,JW_west,1,123,21
169,JW_west,2,77,17
169,JE_east,0,90,18
169,JE_east,1,117,17
169,JE_east,2,131,27
170,J0_central,0,175,22
170,J0_central,1,90,15
170,J0_central,2,79,19
170,JN_north,0,92,15
170,JN_north,1,156,25
170,JN_north,2,91,21
170,JS_south,0,125,17
170,JS_south,1,152,20
170,JS_south,2,73,13
170,JW_west,0,101,16
170,JW_west,1,95,23
170,JW_west,2,151,14
170,JE_east,0,183,23
170,JE_east,1,75,17
170,JE_east,2,82,20
171,J0_central,0,100,19
171,J0_central,1,135,27
171,J0_central,2,104,15
171,JN_north,0,151,17
171,JN_north,1,143,24
171,JN_north,2,49,16
171,JS_south,0,211,21
171,JS_south,1,76,22
171,JS_south,2,54,16
171,JW_west,0,175,18
171,JW_west,1,56,14
171,JW_west,2,120,17
171,JE_east,0,73,17
171,JE_east,1,146,19
171,JE_east,2,132,13
172,J0_central,0,79,18
172,J0_central,1,139,14
172,J0_central,2,124,26
172,JN_north,0,116,20
172,JN_north,1,124,20
172,JN_north,2,99,21
172,JS_south,0,156,14
172,JS_south,1,128,24
172,JS_south,2,53,25
172,JW_west,0,143,20
172,JW_west,1,42,22
172,JW_west,2,162,11
172,JE_east,0,78,22
172,JE_east,1,58,21
172,JE_east,2,200,21
173,J0_central,0,176,17
173,J0_central,1,91,19
173,J0_central,2,81,16
173,JN_north,0,129,19
173,JN_north,1,144,18
173,JN_north,2,70,20
173,JS_south,0,119,13
173,JS_south,1,145,20
173,JS_south,2,82,21
173,JW_west,0,122,19
173,JW_west,1,134,23
173,JW_west,2,83,19
173,JE_east,0,144,17
173,JE_east,1,127,25
173,JE_east,2,76,11
174,J0_central,0,166,16
174,J0_central,1,56,14
174,J0_central,2,130,18
174,JN_north,0,110,24
174,JN_north,1,165,15
174,JN_north,2,70,16
174,JS_south,0,152,25
174,JS_south,1,95,14
174,JS_south,2,91,23
174,JW_west,0,84,22
174,JW_west,1,157,18
174,JW_west,2,99,20
174,JE_east,0,85,18
174,JE_east,1,111,15
174,JE_east,2,155,16
175,J0_central,0,192,22
175,J0_central,1,76,17
175,J0_central,2,78,15
175,JN_north,0,140,19
175,JN_north,1,115,22
175,JN_north,2,86,18
175,JS_south,0,167,21
175,JS_south,1,93,10
175,JS_south,2,92,17
175,JW_west,0,83,12
175,JW_west,1,102,23
175,JW_west,2,161,19
175,JE_east,0,110,17
175,JE_east,1,149,14
175,JE_east,2,96,14
176,J0_central,0,130,23
176,J0_central,1,103,18
176,J0_central,2,107,19
176,JN_north,0,157,14
176,JN_north,1,136,17
176,JN_north,2,52,24
176,JS_south,0,83,19
176,JS_south,1,153,17
176,JS_south,2,109,19
176,JW_west,0,135,10
176,JW_west,1,83,20
176,JW_west,2,139,13
176,JE_east,0,159,22
176,JE_east,1,75,26
176,JE_east,2,97,21
177,J0_central,0,170,19
177,J0_central,1,64,16
177,J0_central,2,103,28
177,JN_north,0,150,11
177,JN_north,1,110,20
177,JN_north,2,88,21
177,JS_south,0,108,25
177,JS_south,1,101,17
177,JS_south,2,130,19
177,JW_west,0,98,16
177,JW_west,1,95,14
177,JW_west,2,162,15
177,JE_east,0,127,23
177,JE_east,1,105,10
177,JE_east,2,107,28
178,J0_central,0,136,21
178,J0_central,1,122,31
178,J0_central,2,76,14
178,JN_north,0,132,23
178,JN_north,1,88,29
178,JN_north,2,110,18
178,JS_south,0,129,20
178,JS_south,1,107,16
178,JS_south,2,106,22
178,JW_west,0,156,19
178,JW_west,1,60,21
178,JW_west,2,125,19
178,JE_east,0,126,24
178,JE_east,1,71,20
178,JE_east,2,138,21
179,J0_central,0,132,24
179,J0_central,1,103,20
179,J0_central,2,98,23
179,JN_north,0,139,27
179,JN_north,1,98,18
179,JN_north,2,105,13
179,JS_south,0,101,14
179,JS_south,1,150,21
179,JS_south,2,91,23
179,JW_west,0,83,18
179,JW_west,1,138,25
179,JW_west,2,111,25
179,JE_east,0,135,16
179,JE_east,1,76,23
179,JE_east,2,131,19
180,J0_central,0,173,17
180,J0_central,1,83,21
180,J0_central,2,91,15
180,JN_north,0,123,21
180,JN_north,1,123,23
180,JN_north,2,90,20
180,JS_south,0,127,17
180,JS_south,1,110,15
180,JS_south,2,109,22
180,JW_west,0,129,15
180,JW_west,1,172,17
180,JW_west,2,52,15
180,JE_east,0,79,19
180,JE_east,1,105,28
180,JE_east,2,151,18
181,J0_central,0,170,25
181,J0_central,1,115,27
181,J0_central,2,43,20
181,JN_north,0,125,21
181,JN_north,1,105,18
181,JN_north,2,109,22
181,JS_south,0,169,11
181,JS_south,1,103,18
181,JS_south,2,86,13
181,JW_west,0,162,29
181,JW_west,1,108,24
181,JW_west,2,56,21
181,JE_east,0,108,25
181,JE_east,1,91,27
181,JE_east,2,139,10
182,J0_central,0,133,22
182,J0_central,1,99,12
182,J0_central,2,122,12
182,JN_north,0,105,23
182,JN_north,1,139,19
182,JN_north,2,96,18
182,JS_south,0,134,16
182,JS_south,1,89,8
182,JS_south,2,137,16
182,JW_west,0,133,21
182,JW_west,1,154,26
182,JW_west,2,46,20
182,JE_east,0,108,20
182,JE_east,1,134,23
182,JE_east,2,97,18
183,J0_central,0,85,22
183,J0_central,1,109,21
183,J0_central,2,128,35
183,JN_north,0,51,15
183,JN_north,1,174,26
183,JN_north,2,113,21
183,JS_south,0,154,18
183,JS_south,1,92,25
183,JS_south,2,85,26
183,JW_west,0,140,23
183,JW_west,1,49,15
183,JW_west,2,151,22
183,JE_east,0,93,24
183,JE_east,1,140,22
183,JE_east,2,97,24
184,J0_central,0,130,25
184,J0_central,1,111,18
184,J0_central,2,101,15
184,JN_north,0,82,21
184,JN_north,1,204,17
184,JN_north,2,63,13
184,JS_south,0,216,15
184,JS_south,1,74,25
184,JS_south,2,51,19
184,JW_west,0,148,20
184,JW_west,1,79,18
184,JW_west,2,111,24
184,JE_east,0,107,19
184,JE_east,1,113,23
184,JE_east,2,117,21
185,J0_central,0,199,20
185,J0_central,1,81,17
185,J0_central,2,63,20
185,JN_north,0,140,25
185,JN_north,1,97,28
185,JN_north,2,100,10
185,JS_south,0,122,29
185,JS_south,1,102,14
185,JS_south,2,119,14
185,JW_west,0,77,26
185,JW_west,1,149,19
185,JW_west,2,111,18
185,JE_east,0,127,14
185,JE_east,1,112,16
185,JE_east,2,116,15
186,J0_central,0,179,18
186,J0_central,1,44,19
186,J0_central,2,129,11
186,JN_north,0,103,26
186,JN_north,1,177,18
186,JN_north,2,56,20
186,JS_south,0,160,14
186,JS_south,1,90,17
186,JS_south,2,98,21
186,JW_west,0,135,11
186,JW_west,1,84,16
186,JW_west,2,138,16
186,JE_east,0,86,26
186,JE_east,1,128,13
186,JE_east,2,127,20
187,J0_central,0,120,28
187,J0_central,1,131,15
187,J0_central,2,90,16
187,JN_north,0,149,22
187,JN_north,1,69,25
187,JN_north,2,111,24
187,JS_south,0,122,21
187,JS_south,1,156,24
187,JS_south,2,65,12
187,JW_west,0,98,28
187,JW_west,1,149,25
187,JW_west,2,86,14
187,JE_east,0,108,20
187,JE_east,1,128,22
187,JE_east,2,98,24
188,J0_central,0,138,19
188,J0_central,1,115,18
188,J0_central,2,89,21
188,JN_north,0,45,23
188,JN_north,1,130,22
188,JN_north,2,160,20
188,JS_south,0,125,18
188,JS_south,1,98,20
188,JS_south,2,120,19
188,JW_west,0,174,17
188,JW_west,1,59,15
188,JW_west,2,113,22
188,JE_east,0,154,14
188,JE_east,1,109,16
188,JE_east,2,86,21
189,J0_central,0,258,11
189,J0_central,1,55,12
189,J0_central,2,48,16
189,JN_north,0,129,21
189,JN_north,1,124,13
189,JN_north,2,85,28
189,JS_south,0,159,11
189,JS_south,1,82,22
189,JS_south,2,103,23
189,JW_west,0,140,17
189,JW_west,1,72,21
189,JW_west,2,134,16
189,JE_east,0,99,26
189,JE_east,1,88,15
189,JE_east,2,149,23
190,J0_central,0,139,13
190,J0_central,1,60,20
190,J0_central,2,153,15
190,JN_north,0,147,20
190,JN_north,1,137,15
190,JN_north,2,59,22
190,JS_south,0,112,25
190,JS_south,1,102,15
190,JS_south,2,120,26
190,JW_west,0,101,15
190,JW_west,1,120,18
190,JW_west,2,131,15
190,JE_east,0,128,13
190,JE_east,1,121,19
190,JE_east,2,105,14
191,J0_central,0,177,10
191,J0_central,1,116,24
191,J0_central,2,52,21
191,JN_north,0,100,22
191,JN_north,1,139,13
191,JN_north,2,108,18
191,JS_south,0,175,17
191,JS_south,1,117,20
191,JS_south,2,52,19
191,JW_west,0,151,19
191,JW_west,1,93,21
191,JW_west,2,98,18
191,JE_east,0,41,14
191,JE_east,1,136,18
191,JE_east,2,176,15
192,J0_central,0,81,22
192,J0_central,1,113,21
192,J0_central,2,143,20
192,JN_north,0,146,19
192,JN_north,1,111,23
192,JN_north,2,85,16
192,JS_south,0,108,24
192,JS_south,1,138,21
192,JS_south,2,89,20
192,JW_west,0,150,32
192,JW_west,1,51,26
192,JW_west,2,124,17
192,JE_east,0,92,19
192,JE_east,1,110,22
192,JE_east,2,139,18
193,J0_central,0,133,23
193,J0_central,1,124,17
193,J0_central,2,77,26
193,JN_north,0,135,20
193,JN_north,1,103,13
193,JN_north,2,106,23
193,JS_south,0,98,27
193,JS_south,1,143,14
193,JS_south,2,97,21
193,JW_west,0,91,30
193,JW_west,1,97,28
193,JW_west,2,139,15
193,JE_east,0,175,20
193,JE_east,1,74,24
193,JE_east,2,85,22
194,J0_central,0,151,12
194,J0_central,1,129,19
194,J0_central,2,68,21
194,JN_north,0,125,20
194,JN_north,1,126,16
194,JN_north,2,102,11
194,JS_south,0,126,19
194,JS_south,1,123,14
194,JS_south,2,102,16
194,JW_west,0,115,23
194,JW_west,1,85,22
194,JW_west,2,137,18
194,JE_east,0,59,28
194,JE_east,1,125,21
194,JE_east,2,148,19
195,J0_central,0,107,25
195,J0_central,1,102,20
195,J0_central,2,123,23
195,JN_north,0,61,17
195,JN_north,1,121,25
195,JN_north,2,157,19
195,JS_south,0,145,16
195,JS_south,1,84,22
195,JS_south,2,116,17
195,JW_west,0,84,22
195,JW_west,1,81,11
195,JW_west,2,178,24
195,JE_east,0,89,16
195,JE_east,1,87,23
195,JE_east,2,163,22
196,J0_central,0,146,18
196,J0_central,1,103,21
196,J0_central,2,93,19
196,JN_north,0,107,7
196,JN_north,1,119,21
196,JN_north,2,124,22
196,JS_south,0,160,20
196,JS_south,1,97,13
196,JS_south,2,94,16
196,JW_west,0,141,20
196,JW_west,1,32,21
196,JW_west,2,166,20
196,JE_east,0,104,24
196,JE_east,1,148,16
196,JE_east,2,93,15
197,J0_central,0,218,20
197,J0_central,1,57,19
197,J0_central,2,68,18
197,JN_north,0,131,25
197,JN_north,1,110,16
197,JN_north,2,89,29
197,JS_south,0,153,21
197,JS_south,1,77,19
197,JS_south,2,105,25
197,JW_west,0,208,22
197,JW_west,1,62,21
197,JW_west,2,72,15
197,JE_east,0,140,18
197,JE_east,1,131,20
197,JE_east,2,71,20
198,J0_central,0,88,24
198,J0_central,1,126,18
198,J0_central,2,127,17
198,JN_north,0,123,27
198,JN_north,1,123,19
198,JN_north,2,96,12
198,JS_south,0,191,12
198,JS_south,1,105,21
198,JS_south,2,55,16
198,JW_west,0,229,17
198,JW_west,1,38,16
198,JW_west,2,80,20
198,JE_east,0,86,9
198,JE_east,1,160,25
198,JE_east,2,97,23
199,J0_central,0,155,12
199,J0_central,1,68,24
199,J0_central,2,120,21
199,JN_north,0,129,17
199,JN_north,1,107,21
199,JN_north,2,102,24
199,JS_south,0,186,25
199,JS_south,1,71,13
199,JS_south,2,83,22
199,JW_west,0,38,18
199,JW_west,1,248,19
199,JW_west,2,58,19
199,JE_east,0,122,23
199,JE_east,1,98,27
199,JE_east,2,113,17
