time,phase,queue,wait,pressure,action
1.0,0,0,0.0,0.0,0
2.0,0,0,0.0,0.0,0
3.0,0,0,0.0,0.0,0
4.0,0,0,0.0,0.0,0
5.0,0,0,0.0,0.0,0
6.0,0,0,0.0,0.0,0
7.0,0,0,0.0,0.0,0
8.0,0,0,0.0,0.025,0
9.0,0,0,0.0,0.025,0
10.0,0,0,0.0,0.05,0
11.0,0,0,0.0,0.05,0
12.0,0,0,0.0,0.05,0
13.0,0,0,0.0,0.05,0
14.0,0,0,0.0,0.05,0
15.0,0,0,0.0,0.075,0
16.0,0,0,0.0,0.075,0
17.0,0,0,0.0,0.075,0
18.0,0,1,0.33,0.0625,0
19.0,0,1,0.67,0.0625,2
20.0,0,2,1.0,0.075,0
21.0,0,2,1.5,0.075,2
22.0,0,2,2.0,0.075,2
23.0,0,2,2.5,0.075,2
24.0,0,2,3.0,0.075,2
25.0,0,2,3.5,0.075,2
26.0,1,2,4.0,0.075,0
27.0,1,3,3.8,0.0875,0
28.0,1,3,4.4,0.0875,0
29.0,1,3,4.17,0.1125,0
30.0,1,4,4.83,0.1,0
31.0,1,4,4.71,0.125,0
32.0,2,2,1.8,0.1,0
33.0,2,0,0.0,0.125,0
34.0,2,0,0.0,0.125,0
35.0,2,0,0.0,0.125,1
36.0,2,0,0.0,0.125,0
37.0,2,0,0.0,0.15,0
38.0,2,0,0.0,0.125,0
39.0,2,0,0.0,0.125,0
40.0,2,0,0.0,0.1,0
41.0,2,0,0.0,0.1,0
42.0,2,0,0.0,0.075,0
43.0,2,0,0.0,0.075,0
44.0,2,0,0.0,0.075,0
45.0,2,0,0.0,0.1,0
46.0,2,0,0.0,0.075,0
47.0,2,0,0.0,0.075,0
48.0,2,0,0.0,0.075,0
49.0,2,0,0.0,0.075,0
50.0,2,0,0.0,0.1,0
51.0,2,0,0.0,0.075,0
52.0,2,0,0.0,0.075,0
53.0,2,0,0.0,0.075,0
54.0,2,0,0.0,0.075,0
55.0,2,0,0.0,0.075,0
56.0,2,0,0.0,0.1,0
57.0,2,0,0.0,0.075,0
58.0,2,0,0.0,0.075,0
59.0,2,0,0.0,0.075,0
60.0,2,0,0.0,0.075,0
61.0,2,0,0.0,0.1,0
62.0,2,0,0.0,0.1,0
63.0,2,0,0.0,0.1,0
64.0,2,0,0.0,0.1,0
65.0,2,0,0.0,0.075,0
66.0,2,0,0.0,0.075,0
67.0,2,0,0.0,0.1,0
68.0,2,0,0.0,0.1,0
69.0,2,0,0.0,0.1,0
70.0,2,0,0.0,0.1,0
71.0,2,0,0.0,0.1,0
72.0,2,0,0.0,0.05,0
73.0,2,0,0.0,0.075,0
74.0,2,0,0.0,0.05,0
75.0,2,0,0.0,0.05,0
76.0,2,0,0.0,0.075,0
77.0,2,0,0.0,0.05,0
78.0,2,0,0.0,0.05,0
79.0,2,0,0.0,0.05,0
80.0,2,0,0.0,0.075,0
81.0,3,0,0.0,0.075,1
82.0,3,0,0.0,0.075,1
83.0,3,0,0.0,0.1,1
84.0,3,0,0.0,0.1,1
85.0,3,0,0.0,0.1,1
86.0,3,0,0.0,0.1,1
87.0,3,0,0.0,0.1,1
88.0,3,1,0.25,0.0875,2
89.0,3,1,0.5,0.0875,2
90.0,3,2,0.8,0.1,2
91.0,3,2,1.2,0.1,1
92.0,3,3,1.5,0.1125,0
93.0,3,2,1.67,0.125,1
94.0,3,3,1.86,0.1375,0
95.0,3,4,2.43,0.125,0
96.0,3,4,3.0,0.125,0
97.0,3,4,3.12,0.15,0
98.0,3,4,3.62,0.15,0
99.0,3,4,3.67,0.175,0
100.0,3,4,4.11,0.175,0
101.0,3,5,4.67,0.1625,2
102.0,3,6,4.8,0.175,2
103.0,3,6,5.4,0.175,0
104.0,3,7,5.55,0.1875,0
105.0,3,7,6.18,0.1875,0
106.0,3,8,6.33,0.2,0
107.0,3,8,6.46,0.225,0
108.0,3,8,7.08,0.225,0
109.0,3,8,7.14,0.25,0
110.0,3,8,8.31,0.225,0
111.0,3,10,8.43,0.225,0
112.0,3,10,9.85,0.2,0
113.0,3,10,9.86,0.225,0
114.0,3,11,9.93,0.2375,0
115.0,3,10,10.53,0.25,0
116.0,3,11,11.27,0.2375,0
117.0,3,11,12.0,0.2375,0
118.0,3,12,12.8,0.225,0
119.0,3,12,12.75,0.25,0
120.0,3,13,12.76,0.2625,0
121.0,3,14,13.59,0.25,0
122.0,3,14,14.41,0.25,0
123.0,3,14,14.39,0.275,0
124.0,3,15,15.22,0.2625,0
125.0,3,15,15.21,0.2875,0
126.0,3,15,16.0,0.2875,0
127.0,3,15,16.79,0.2875,1
128.0,3,15,16.7,0.3125,1
129.0,3,16,17.5,0.3,1
130.0,3,16,17.43,0.325,1
131.0,3,18,18.29,0.3,1
132.0,0,19,19.19,0.2875,2
133.0,1,19,19.18,0.3125,2
134.0,1,19,20.05,0.3125,0
135.0,1,20,21.95,0.275,0
136.0,1,21,21.91,0.2875,0
137.0,1,21,22.86,0.2875,0
138.0,1,21,21.83,0.3375,0
139.0,2,19,20.32,0.3125,0
140.0,2,17,16.04,0.3625,0
141.0,2,15,13.26,0.3875,0
142.0,2,13,11.32,0.3875,0
143.0,2,11,8.91,0.4125,0
144.0,2,12,8.33,0.375,0
145.0,2,10,6.38,0.4,0
146.0,2,9,5.85,0.3875,0
147.0,2,8,4.0,0.425,0
148.0,2,7,2.85,0.4125,0
149.0,2,6,2.88,0.35,0
150.0,2,4,1.24,0.375,0
151.0,2,3,0.59,0.3875,0
152.0,2,1,0.12,0.3875,0
153.0,2,0,0.0,0.375,0
154.0,2,1,0.07,0.3625,0
155.0,2,0,0.0,0.35,0
156.0,2,0,0.0,0.35,0
157.0,2,0,0.0,0.325,0
158.0,2,0,0.0,0.3,0
159.0,2,0,0.0,0.275,0
160.0,2,0,0.0,0.275,0
161.0,2,0,0.0,0.225,0
162.0,2,0,0.0,0.225,1
163.0,2,0,0.0,0.175,1
164.0,2,0,0.0,0.175,0
165.0,2,0,0.0,0.175,0
166.0,2,0,0.0,0.15,0
167.0,2,0,0.0,0.15,0
168.0,2,0,0.0,0.15,0
169.0,2,0,0.0,0.1,0
170.0,2,0,0.0,0.075,0
171.0,2,0,0.0,0.1,0
172.0,2,0,0.0,0.125,0
173.0,2,0,0.0,0.125,0
174.0,2,0,0.0,0.1,0
175.0,2,0,0.0,0.125,0
176.0,2,0,0.0,0.1,0
177.0,2,0,0.0,0.075,0
178.0,2,0,0.0,0.075,0
179.0,2,0,0.0,0.075,0
180.0,2,0,0.0,0.1,0
181.0,2,0,0.0,0.05,0
182.0,2,0,0.0,0.05,0
183.0,2,0,0.0,0.075,0
184.0,2,0,0.0,0.075,0
185.0,2,0,0.0,0.1,0
186.0,2,0,0.0,0.1,0
187.0,2,0,0.0,0.1,0
188.0,2,0,0.0,0.075,0
189.0,2,0,0.0,0.075,0
190.0,3,0,0.0,0.075,1
191.0,3,0,0.0,0.075,1
192.0,3,0,0.0,0.075,1
193.0,3,0,0.0,0.1,1
194.0,3,0,0.0,0.1,1
195.0,3,1,0.2,0.1125,1
196.0,3,1,0.4,0.1125,1
197.0,3,1,0.6,0.1125,1
198.0,3,2,0.71,0.15,1
199.0,3,2,1.0,0.15,1
200.0,3,3,1.25,0.1625,1
201.0,3,3,1.62,0.1625,1
202.0,3,3,2.0,0.1625,1
203.0,3,3,2.11,0.1875,1
204.0,3,4,2.3,0.2,1
205.0,3,5,2.8,0.1875,2
206.0,3,5,3.3,0.1875,0
207.0,3,5,3.45,0.2125,0
208.0,3,6,4.4,0.175,0
209.0,3,7,4.25,0.2125,0
210.0,3,7,5.27,0.1875,0
211.0,3,7,5.0,0.2375,0
212.0,3,7,6.0,0.2125,0
213.0,3,7,6.08,0.2375,0
214.0,3,8,6.21,0.25,0
215.0,3,8,6.79,0.25,0
216.0,3,9,6.93,0.2625,0
217.0,3,9,7.53,0.2625,0
218.0,3,9,7.62,0.2875,0
219.0,3,10,8.25,0.275,1
220.0,3,10,8.35,0.3,1
221.0,3,10,8.94,0.3,1
222.0,3,11,9.59,0.2875,1
223.0,3,11,9.67,0.3125,1
224.0,3,12,9.3,0.35,0
225.0,3,12,10.42,0.325,1
226.0,3,14,10.6,0.325,0
227.0,3,14,11.89,0.3,1
228.0,3,15,12.68,0.2875,1
229.0,3,15,13.47,0.2875,1
230.0,3,16,14.32,0.275,1
231.0,3,16,14.4,0.3,1
232.0,3,16,15.2,0.3,1
233.0,3,16,15.24,0.325,1
234.0,3,17,16.05,0.3125,1
235.0,3,17,16.09,0.3375,1
236.0,3,17,16.86,0.3375,1
237.0,3,17,16.87,0.3625,1
238.0,3,17,18.41,0.3375,1
239.0,3,19,18.43,0.3375,1
240.0,3,19,18.46,0.3625,1
241.0,0,19,20.09,0.3375,2
242.0,1,19,20.04,0.3625,1
243.0,1,20,20.04,0.375,2
244.0,1,21,20.08,0.3875,2
245.0,1,21,20.88,0.3875,2
246.0,1,21,21.69,0.3875,2
247.0,1,21,21.67,0.4125,2
248.0,1,21,23.31,0.3875,2
249.0,1,23,24.19,0.3625,2
250.0,1,23,25.08,0.3625,2
251.0,1,24,26.0,0.35,2
252.0,1,24,26.92,0.35,2
253.0,1,24,27.85,0.35,2
254.0,1,25,28.81,0.3375,2
255.0,1,25,28.67,0.3625,2
256.0,1,26,29.63,0.35,2
257.0,1,26,29.5,0.375,2
258.0,2,24,27.96,0.35,0
259.0,2,22,24.42,0.375,0
260.0,2,20,20.3,0.425,0
261.0,2,19,18.8,0.3875,0
262.0,2,17,15.35,0.4375,0
263.0,2,16,13.92,0.4,0
264.0,2,15,11.38,0.4125,0
265.0,2,12,9.13,0.425,0
266.0,2,13,9.7,0.4125,0
267.0,2,11,7.86,0.4125,0
268.0,2,9,6.09,0.4375,0
269.0,2,9,4.95,0.3875,0
270.0,2,8,4.65,0.4,0
271.0,2,6,3.26,0.4,0
272.0,2,5,2.16,0.4125,0
273.0,2,4,1.44,0.4,0
274.0,2,3,1.0,0.4125,0
275.0,2,3,0.67,0.4125,0
276.0,2,2,0.41,0.4,0
277.0,2,2,0.53,0.4,0
278.0,2,1,0.25,0.3875,0
279.0,2,0,0.0,0.425,0
280.0,2,0,0.0,0.375,0
281.0,2,0,0.0,0.375,0
282.0,2,0,0.0,0.325,0
283.0,2,0,0.0,0.325,0
284.0,2,0,0.0,0.3,0
285.0,2,0,0.0,0.3,0
286.0,2,0,0.0,0.275,0
287.0,2,0,0.0,0.3,0
288.0,2,0,0.0,0.275,0
289.0,2,0,0.0,0.225,0
290.0,2,0,0.0,0.275,0
291.0,2,0,0.0,0.25,0
292.0,2,0,0.0,0.25,0
293.0,2,0,0.0,0.225,0
294.0,2,0,0.0,0.2,0
295.0,2,0,0.0,0.175,0
296.0,2,0,0.0,0.2,0
297.0,3,0,0.0,0.175,0
298.0,3,0,0.0,0.2,1
299.0,3,0,0.0,0.2,1
300.0,3,0,0.0,0.175,1
301.0,3,2,0.25,0.175,1
302.0,3,3,0.62,0.1625,1
303.0,3,3,1.14,0.1375,1
304.0,3,3,1.57,0.1375,1
305.0,3,3,1.75,0.1625,1
306.0,3,3,1.89,0.1875,1
307.0,3,4,2.33,0.175,0
308.0,3,5,2.6,0.1875,0
309.0,3,5,3.1,0.1875,0
310.0,3,5,3.27,0.2125,0
311.0,3,5,3.73,0.2125,0
312.0,3,5,4.18,0.2125,0
313.0,3,5,4.64,0.2125,0
314.0,3,5,4.67,0.2375,0
315.0,3,7,5.25,0.2125,0
316.0,3,7,5.38,0.2375,0
317.0,3,7,6.42,0.2125,0
318.0,3,7,6.0,0.2625,0
319.0,3,8,6.57,0.25,0
320.0,3,8,6.67,0.275,0
321.0,3,8,7.2,0.275,0
322.0,3,9,7.8,0.2625,0
323.0,3,10,7.94,0.275,1
324.0,3,10,9.13,0.25,1
325.0,3,10,9.19,0.275,1
326.0,3,11,9.88,0.2625,1
327.0,3,12,10.0,0.275,0
328.0,3,12,10.71,0.275,0
329.0,3,13,10.83,0.2875,0
330.0,3,13,11.56,0.2875,1
331.0,3,13,12.28,0.2875,1
332.0,3,14,12.37,0.3,1
333.0,3,14,13.11,0.3,1
334.0,3,14,13.84,0.3,1
335.0,3,14,14.58,0.3,1
336.0,3,16,14.65,0.3,1
337.0,3,16,15.45,0.3,1
338.0,3,16,15.48,0.325,1
339.0,3,17,16.29,0.3125,1
340.0,3,17,16.32,0.3375,1
341.0,3,17,17.9,0.3125,2
342.0,3,17,17.86,0.3375,2
343.0,3,17,18.64,0.3375,2
344.0,3,17,18.57,0.3625,2
345.0,3,18,19.35,0.35,2
346.0,3,19,19.33,0.3625,2
347.0,3,19,20.12,0.3625,2
348.0,0,19,20.92,0.3625,2
349.0,1,19,20.84,0.3875,2
350.0,1,20,22.54,0.35,2
351.0,1,21,22.48,0.3625,2
352.0,1,22,23.36,0.35,2
353.0,1,22,24.24,0.35,2
354.0,1,22,25.12,0.35,2
355.0,2,21,23.52,0.3125,0
356.0,2,20,19.12,0.35,0
357.0,2,18,16.04,0.375,0
358.0,2,16,13.87,0.375,0
359.0,2,14,11.3,0.4,0
360.0,2,12,9.76,0.375,0
361.0,2,11,7.38,0.3875,0
362.0,2,9,5.33,0.4125,0
363.0,2,8,3.76,0.425,0
364.0,2,8,3.4,0.4,0
365.0,2,7,3.0,0.4125,0
366.0,2,5,1.8,0.4375,0
367.0,2,4,1.16,0.425,0
368.0,2,3,0.72,0.4125,0
369.0,2,1,0.19,0.3875,0
370.0,2,0,0.0,0.4,0
371.0,2,0,0.0,0.375,0
372.0,2,0,0.0,0.35,0
373.0,2,0,0.0,0.35,0
374.0,2,0,0.0,0.325,0
375.0,2,0,0.0,0.3,0
376.0,2,0,0.0,0.275,0
377.0,2,0,0.0,0.25,0
378.0,2,0,0.0,0.225,0
379.0,2,0,0.0,0.225,0
380.0,2,0,0.0,0.225,0
381.0,2,0,0.0,0.2,0
382.0,2,0,0.0,0.175,0
383.0,2,0,0.0,0.2,0
384.0,2,0,0.0,0.2,0
385.0,2,0,0.0,0.2,0
386.0,2,0,0.0,0.2,0
387.0,2,0,0.0,0.175,0
388.0,2,0,0.0,0.2,0
389.0,2,0,0.0,0.225,0
390.0,2,0,0.0,0.175,0
391.0,2,0,0.0,0.15,1
392.0,2,0,0.0,0.175,0
393.0,2,0,0.0,0.1,0
394.0,2,0,0.0,0.15,0
395.0,2,0,0.0,0.1,0
396.0,2,0,0.0,0.125,0
397.0,2,0,0.0,0.125,0
398.0,2,0,0.0,0.175,0
399.0,2,0,0.0,0.15,0
400.0,2,0,0.0,0.125,0
